,country_name,population,population_male,population_female,population_age_00_09,population_age_10_19,population_age_20_29,population_age_30_39,population_age_40_49,population_age_50_59,population_age_60_69,population_age_70_79,population_age_80_and_older,life_expectancy,week_start,new_confirmed,new_deceased,new_recovered,new_tested,cumulative_confirmed,cumulative_deceased,cumulative_recovered,cumulative_tested,new_hospitalized_patients,current_hospitalized_patients,current_intensive_care_patients,cumulative_hospitalized_patients,new_persons_fully_vaccinated,cumulative_persons_fully_vaccinated
0,Germany,82786787,39130978,40156503,7220827,7398601,9303309,10024505,9955575,12932635,9907511,7360047,5184471,,2019/12/30,1,0,1,0,1,0,1,0,,,,,,
1,Germany,82786787,39130978,40156503,7220827,7398601,9303309,10024505,9955575,12932635,9907511,7360047,5184471,,2020/01/13,1,0,1,0,2,0,2,0,,,,,,
2,Germany,82786787,39130978,40156503,7220827,7398601,9303309,10024505,9955575,12932635,9907511,7360047,5184471,,2020/01/20,2,0,2,0,4,0,4,0,,,,,,
3,Germany,82786787,39130978,40156503,7220827,7398601,9303309,10024505,9955575,12932635,9907511,7360047,5184471,,2020/01/27,10,0,10,0,14,0,14,0,,,,,,
4,Germany,82786787,39130978,40156503,7220827,7398601,9303309,10024505,9955575,12932635,9907511,7360047,5184471,,2020/02/03,9,0,9,0,23,0,23,0,,,,,,
5,Germany,82786787,39130978,40156503,7220827,7398601,9303309,10024505,9955575,12932635,9907511,7360047,5184471,,2020/02/10,4,0,3,0,27,0,26,0,,,,,,
6,Germany,82786787,39130978,40156503,7220827,7398601,9303309,10024505,9955575,12932635,9907511,7360047,5184471,,2020/02/17,4,1,3,0,31,1,29,0,,,,,,
7,Germany,82786787,39130978,40156503,7220827,7398601,9303309,10024505,9955575,12932635,9907511,7360047,5184471,,2020/02/24,139,0,139,0,170,1,168,0,,,,,,
8,Germany,82786787,39130978,40156503,7220827,7398601,9303309,10024505,9955575,12932635,9907511,7360047,5184471,,2020/03/02,900,12,888,0,1070,13,1056,0,,,,,,
9,Germany,82786787,39130978,40156503,7220827,7398601,9303309,10024505,9955575,12932635,9907511,7360047,5184471,,2020/03/09,6431,84,6347,0,7501,97,7403,0,,,,,,
10,Germany,82786787,39130978,40156503,7220827,7398601,9303309,10024505,9955575,12932635,9907511,7360047,5184471,,2020/03/16,22385,476,21909,0,29886,573,29312,0,,,,,,
11,Germany,82786787,39130978,40156503,7220827,7398601,9303309,10024505,9955575,12932635,9907511,7360047,5184471,,2020/03/23,33968,1462,32506,0,63854,2035,61818,0,,,,,,
12,Germany,82786787,39130978,40156503,7220827,7398601,9303309,10024505,9955575,12932635,9907511,7360047,5184471,,2020/03/30,36049,2268,33781,0,99903,4303,95599,0,,,,,,
13,Germany,82786787,39130978,40156503,7220827,7398601,9303309,10024505,9955575,12932635,9907511,7360047,5184471,,2020/04/06,27128,1877,25249,0,127031,6180,120848,0,,,,,,
14,Germany,82786787,39130978,40156503,7220827,7398601,9303309,10024505,9955575,12932635,9907511,7360047,5184471,,2020/04/13,17324,1221,16103,0,144355,7401,136951,0,,,,,,
15,Germany,82786787,39130978,40156503,7220827,7398601,9303309,10024505,9955575,12932635,9907511,7360047,5184471,,2020/04/20,12350,726,11624,0,156705,8127,148575,0,,,,,,
16,Germany,82786787,39130978,40156503,7220827,7398601,9303309,10024505,9955575,12932635,9907511,7360047,5184471,,2020/04/27,7432,387,7045,0,164137,8514,155620,0,,,,,,
17,Germany,82786787,39130978,40156503,7220827,7398601,9303309,10024505,9955575,12932635,9907511,7360047,5184471,,2020/05/04,6233,257,5976,0,170370,8771,161596,0,,,,,,
18,Germany,82786787,39130978,40156503,7220827,7398601,9303309,10024505,9955575,12932635,9907511,7360047,5184471,,2020/05/11,4756,164,4592,0,175126,8935,166188,0,,,,,,
19,Germany,82786787,39130978,40156503,7220827,7398601,9303309,10024505,9955575,12932635,9907511,7360047,5184471,,2020/05/18,3600,112,3488,0,178726,9047,169676,0,,,,,,
20,Germany,82786787,39130978,40156503,7220827,7398601,9303309,10024505,9955575,12932635,9907511,7360047,5184471,,2020/05/25,3205,64,3141,0,181931,9111,172817,0,,,,,,
21,Germany,82786787,39130978,40156503,7220827,7398601,9303309,10024505,9955575,12932635,9907511,7360047,5184471,,2020/06/01,2351,45,2306,0,184282,9156,175123,0,,,,,,
22,Germany,82786787,39130978,40156503,7220827,7398601,9303309,10024505,9955575,12932635,9907511,7360047,5184471,,2020/06/08,2344,33,2311,0,186626,9189,177434,0,,,,,,
23,Germany,82786787,39130978,40156503,7220827,7398601,9303309,10024505,9955575,12932635,9907511,7360047,5184471,,2020/06/15,4190,41,4149,0,190816,9230,181583,0,,,,,,
24,Germany,82786787,39130978,40156503,7220827,7398601,9303309,10024505,9955575,12932635,9907511,7360047,5184471,,2020/06/22,3156,24,3132,0,193972,9254,184715,0,,,,,,
25,Germany,82786787,39130978,40156503,7220827,7398601,9303309,10024505,9955575,12932635,9907511,7360047,5184471,,2020/06/29,2690,26,2664,0,196662,9280,187379,0,,,,,,
26,Germany,82786787,39130978,40156503,7220827,7398601,9303309,10024505,9955575,12932635,9907511,7360047,5184471,,2020/07/06,2421,25,2396,0,199083,9305,189775,0,,,,,,
27,Germany,82786787,39130978,40156503,7220827,7398601,9303309,10024505,9955575,12932635,9907511,7360047,5184471,,2020/07/13,3031,30,3001,0,202114,9335,192776,0,,,,,,
28,Germany,82786787,39130978,40156503,7220827,7398601,9303309,10024505,9955575,12932635,9907511,7360047,5184471,,2020/07/20,3933,33,3900,0,206047,9368,196676,0,,,,,,
29,Germany,82786787,39130978,40156503,7220827,7398601,9303309,10024505,9955575,12932635,9907511,7360047,5184471,,2020/07/27,4834,37,4797,0,210881,9405,201473,0,,,,,,
30,Germany,82786787,39130978,40156503,7220827,7398601,9303309,10024505,9955575,12932635,9907511,7360047,5184471,,2020/08/03,6062,33,6029,0,216943,9438,207502,0,,,,,,
31,Germany,82786787,39130978,40156503,7220827,7398601,9303309,10024505,9955575,12932635,9907511,7360047,5184471,,2020/08/10,7954,31,7923,0,224897,9469,215425,0,,,,,,
32,Germany,82786787,39130978,40156503,7220827,7398601,9303309,10024505,9955575,12932635,9907511,7360047,5184471,,2020/08/17,9598,31,9567,0,234495,9500,224992,0,,,,,,
33,Germany,82786787,39130978,40156503,7220827,7398601,9303309,10024505,9955575,12932635,9907511,7360047,5184471,,2020/08/24,8833,18,8815,0,243328,9518,233807,0,,,,,,
34,Germany,82786787,39130978,40156503,7220827,7398601,9303309,10024505,9955575,12932635,9907511,7360047,5184471,,2020/08/31,8614,36,8578,0,251942,9554,242385,0,,,,,,
35,Germany,82786787,39130978,40156503,7220827,7398601,9303309,10024505,9955575,12932635,9907511,7360047,5184471,,2020/09/07,9759,68,9691,0,261701,9622,252076,0,,,,,,
36,Germany,82786787,39130978,40156503,7220827,7398601,9303309,10024505,9955575,12932635,9907511,7360047,5184471,,2020/09/14,12289,82,12207,0,273990,9704,264283,0,,,,,,
37,Germany,82786787,39130978,40156503,7220827,7398601,9303309,10024505,9955575,12932635,9907511,7360047,5184471,,2020/09/21,13064,110,12954,0,287054,9814,277237,0,,,,,,
38,Germany,82786787,39130978,40156503,7220827,7398601,9303309,10024505,9955575,12932635,9907511,7360047,5184471,,2020/09/28,15926,122,15804,0,302980,9936,293041,0,,,,,,
39,Germany,82786787,39130978,40156503,7220827,7398601,9303309,10024505,9955575,12932635,9907511,7360047,5184471,,2020/10/05,26121,246,25875,0,329101,10182,318916,0,,,,,,
40,Germany,82786787,39130978,40156503,7220827,7398601,9303309,10024505,9955575,12932635,9907511,7360047,5184471,,2020/10/12,42060,463,41597,0,371161,10645,360513,0,,,,,,
41,Germany,82786787,39130978,40156503,7220827,7398601,9303309,10024505,9955575,12932635,9907511,7360047,5184471,,2020/10/19,74871,1016,73855,0,446032,11661,434368,0,,,,,,
42,Germany,82786787,39130978,40156503,7220827,7398601,9303309,10024505,9955575,12932635,9907511,7360047,5184471,,2020/10/26,110998,1619,109378,0,557030,13280,543746,0,,,,,,
43,Germany,82786787,39130978,40156503,7220827,7398601,9303309,10024505,9955575,12932635,9907511,7360047,5184471,,2020/11/02,125728,1897,123829,0,682758,15177,667575,0,,,,,,
44,Germany,82786787,39130978,40156503,7220827,7398601,9303309,10024505,9955575,12932635,9907511,7360047,5184471,,2020/11/09,127806,2530,125276,0,810564,17707,792851,0,,,,,,
45,Germany,82786787,39130978,40156503,7220827,7398601,9303309,10024505,9955575,12932635,9907511,7360047,5184471,,2020/11/16,128391,3216,125173,0,938955,20923,918024,0,,,,,,
46,Germany,82786787,39130978,40156503,7220827,7398601,9303309,10024505,9955575,12932635,9907511,7360047,5184471,,2020/11/23,123142,3584,119558,0,1062097,24507,1037582,0,,,,,,
47,Germany,82786787,39130978,40156503,7220827,7398601,9303309,10024505,9955575,12932635,9907511,7360047,5184471,,2020/11/30,128365,4465,123899,0,1190462,28972,1161481,0,,,,,,
48,Germany,82786787,39130978,40156503,7220827,7398601,9303309,10024505,9955575,12932635,9907511,7360047,5184471,,2020/12/07,156302,5741,150560,0,1346764,34713,1312041,0,,,,,,
49,Germany,82786787,39130978,40156503,7220827,7398601,9303309,10024505,9955575,12932635,9907511,7360047,5184471,,2020/12/14,174698,6432,168266,0,1521462,41145,1480307,0,,,,,,
50,Germany,82786787,39130978,40156503,7220827,7398601,9303309,10024505,9955575,12932635,9907511,7360047,5184471,,2020/12/21,138926,5699,133226,0,1660388,46844,1613533,0,,,,,,
51,Germany,82786787,39130978,40156503,7220827,7398601,9303309,10024505,9955575,12932635,9907511,7360047,5184471,,2020/12/28,123082,5702,117380,0,1783470,52546,1730913,0,,,,,,
52,Germany,82786787,39130978,40156503,7220827,7398601,9303309,10024505,9955575,12932635,9907511,7360047,5184471,,2021/01/04,145483,5713,139766,0,1928953,58259,1870679,0,,,,,,
53,Germany,82786787,39130978,40156503,7220827,7398601,9303309,10024505,9955575,12932635,9907511,7360047,5184471,,2021/01/11,118909,5076,113832,0,2047862,63335,1984511,0,,,,,,
54,Germany,82786787,39130978,40156503,7220827,7398601,9303309,10024505,9955575,12932635,9907511,7360047,5184471,,2021/01/18,95544,4078,91465,0,2143406,67413,2075976,0,,,,,,
55,Germany,82786787,39130978,40156503,7220827,7398601,9303309,10024505,9955575,12932635,9907511,7360047,5184471,,2021/01/25,78166,3075,75089,0,2221572,70488,2151065,0,,,,,,
56,Germany,82786787,39130978,40156503,7220827,7398601,9303309,10024505,9955575,12932635,9907511,7360047,5184471,,2021/02/01,64584,2242,62340,0,2286156,72730,2213405,0,,,,,,
57,Germany,82786787,39130978,40156503,7220827,7398601,9303309,10024505,9955575,12932635,9907511,7360047,5184471,,2021/02/08,50814,1675,49139,0,2336970,74405,2262544,0,,,,,,
58,Germany,82786787,39130978,40156503,7220827,7398601,9303309,10024505,9955575,12932635,9907511,7360047,5184471,,2021/02/15,52400,1470,50928,0,2389370,75875,2313472,0,,,,,,
59,Germany,82786787,39130978,40156503,7220827,7398601,9303309,10024505,9955575,12932635,9907511,7360047,5184471,,2021/02/22,56347,1216,55131,0,2445717,77091,2368603,0,,,,,,
60,Germany,82786787,39130978,40156503,7220827,7398601,9303309,10024505,9955575,12932635,9907511,7360047,5184471,,2021/03/01,58375,1043,57332,0,2504092,78134,2425935,0,,,,,,
61,Germany,82786787,39130978,40156503,7220827,7398601,9303309,10024505,9955575,12932635,9907511,7360047,5184471,,2021/03/08,71336,1091,70244,0,2575428,79225,2496179,0,,,,,,
62,Germany,82786787,39130978,40156503,7220827,7398601,9303309,10024505,9955575,12932635,9907511,7360047,5184471,,2021/03/15,92595,1275,91318,0,2668023,80500,2587497,0,,,,,,
63,Germany,82786787,39130978,40156503,7220827,7398601,9303309,10024505,9955575,12932635,9907511,7360047,5184471,,2021/03/22,116274,1517,114755,0,2784297,82017,2702252,0,,,,,,
64,Germany,82786787,39130978,40156503,7220827,7398601,9303309,10024505,9955575,12932635,9907511,7360047,5184471,,2021/03/29,110106,1581,108523,0,2894403,83598,2810775,0,,,,,,
65,Germany,82786787,39130978,40156503,7220827,7398601,9303309,10024505,9955575,12932635,9907511,7360047,5184471,,2021/04/05,118267,1577,116690,0,3012670,85175,2927465,0,,,,,,
66,Germany,82786787,39130978,40156503,7220827,7398601,9303309,10024505,9955575,12932635,9907511,7360047,5184471,,2021/04/12,142056,1616,140438,0,3154726,86791,3067903,0,,,,,,
67,Germany,82786787,39130978,40156503,7220827,7398601,9303309,10024505,9955575,12932635,9907511,7360047,5184471,,2021/04/19,144753,1606,143144,0,3299479,88397,3211047,0,,,,,,
68,Germany,82786787,39130978,40156503,7220827,7398601,9303309,10024505,9955575,12932635,9907511,7360047,5184471,,2021/04/26,124782,1291,123490,0,3424261,89688,3334537,0,,,,,,
69,Germany,82786787,39130978,40156503,7220827,7398601,9303309,10024505,9955575,12932635,9907511,7360047,5184471,,2021/05/03,100975,1001,99973,0,3525236,90689,3434510,0,,,,,,
70,Germany,82786787,39130978,40156503,7220827,7398601,9303309,10024505,9955575,12932635,9907511,7360047,5184471,,2021/05/10,70806,663,70142,0,3596042,91352,3504652,0,,,,,,
71,Germany,82786787,39130978,40156503,7220827,7398601,9303309,10024505,9955575,12932635,9907511,7360047,5184471,,2021/05/17,52693,440,52252,0,3648735,91792,3556904,0,,,,,,
72,Germany,82786787,39130978,40156503,7220827,7398601,9303309,10024505,9955575,12932635,9907511,7360047,5184471,,2021/05/24,29887,258,29629,0,3678622,92050,3586533,0,,,,,,
73,Germany,82786787,39130978,40156503,7220827,7398601,9303309,10024505,9955575,12932635,9907511,7360047,5184471,,2021/05/31,20684,140,20543,0,3699306,92190,3607076,0,,,,,,
74,Germany,82786787,39130978,40156503,7220827,7398601,9303309,10024505,9955575,12932635,9907511,7360047,5184471,,2021/06/07,14046,66,13980,0,3713352,92256,3621056,0,,,,,,
75,Germany,82786787,39130978,40156503,7220827,7398601,9303309,10024505,9955575,12932635,9907511,7360047,5184471,,2021/06/14,7278,46,7232,0,3720630,92302,3628288,0,,,,,,
76,Germany,82786787,39130978,40156503,7220827,7398601,9303309,10024505,9955575,12932635,9907511,7360047,5184471,,2021/06/21,4842,30,4812,0,3725472,92332,3633100,0,,,,,,
77,Germany,82786787,39130978,40156503,7220827,7398601,9303309,10024505,9955575,12932635,9907511,7360047,5184471,,2021/06/28,4368,24,4344,0,3729840,92356,3637444,0,,,,,,
78,Germany,82786787,39130978,40156503,7220827,7398601,9303309,10024505,9955575,12932635,9907511,7360047,5184471,,2021/07/05,5580,24,5556,0,3735420,92380,3643000,0,,,,,,
79,Germany,82786787,39130978,40156503,7220827,7398601,9303309,10024505,9955575,12932635,9907511,7360047,5184471,,2021/07/12,9103,29,9074,0,3744523,92409,3652074,0,,,,,,
80,Germany,82786787,39130978,40156503,7220827,7398601,9303309,10024505,9955575,12932635,9907511,7360047,5184471,,2021/07/19,12627,39,12588,0,3757150,92448,3664662,0,,,,,,
81,Germany,82786787,39130978,40156503,7220827,7398601,9303309,10024505,9955575,12932635,9907511,7360047,5184471,,2021/07/26,15507,69,15438,0,3772657,92517,3680100,0,,,,,,
82,Germany,82786787,39130978,40156503,7220827,7398601,9303309,10024505,9955575,12932635,9907511,7360047,5184471,,2021/08/02,20415,86,20329,0,3793072,92603,3700429,0,,,,,,
83,Germany,82786787,39130978,40156503,7220827,7398601,9303309,10024505,9955575,12932635,9907511,7360047,5184471,,2021/08/09,32066,142,31923,0,3825138,92745,3732352,0,,,,,,
84,Germany,82786787,39130978,40156503,7220827,7398601,9303309,10024505,9955575,12932635,9907511,7360047,5184471,,2021/08/16,49633,221,49412,0,3874771,92966,3781764,0,,,,,,
85,Germany,82786787,39130978,40156503,7220827,7398601,9303309,10024505,9955575,12932635,9907511,7360047,5184471,,2021/08/23,66356,343,66008,0,3941127,93309,3847772,0,,,,,,
86,Germany,82786787,39130978,40156503,7220827,7398601,9303309,10024505,9955575,12932635,9907511,7360047,5184471,,2021/08/30,74697,425,74267,0,4015824,93734,3922039,0,,,,,,
87,Germany,82786787,39130978,40156503,7220827,7398601,9303309,10024505,9955575,12932635,9907511,7360047,5184471,,2021/09/06,71676,443,71230,0,4087500,94177,3993269,0,,,,,,
88,Germany,82786787,39130978,40156503,7220827,7398601,9303309,10024505,9955575,12932635,9907511,7360047,5184471,,2021/09/13,61453,379,61071,0,4148953,94556,4054340,0,,,,,,
89,Germany,82786787,39130978,40156503,7220827,7398601,9303309,10024505,9955575,12932635,9907511,7360047,5184471,,2021/09/20,53617,348,53268,0,4202570,94904,4107608,0,,,,,,
90,Germany,82786787,39130978,40156503,7220827,7398601,9303309,10024505,9955575,12932635,9907511,7360047,5184471,,2021/09/27,56480,408,56069,0,4259050,95312,4163677,0,,,,,,
91,Germany,82786787,39130978,40156503,7220827,7398601,9303309,10024505,9955575,12932635,9907511,7360047,5184471,,2021/10/04,58007,480,57526,0,4317057,95792,4221203,0,,,,,,
92,Germany,82786787,39130978,40156503,7220827,7398601,9303309,10024505,9955575,12932635,9907511,7360047,5184471,,2021/10/11,65356,566,64789,0,4382413,96358,4285992,0,,,,,,
93,Germany,82786787,39130978,40156503,7220827,7398601,9303309,10024505,9955575,12932635,9907511,7360047,5184471,,2021/10/18,97734,1026,96708,0,4480147,97384,4382700,0,,,,,,
94,Germany,82786787,39130978,40156503,7220827,7398601,9303309,10024505,9955575,12932635,9907511,7360047,5184471,,2021/10/25,137042,1248,135790,0,4617189,98632,4518490,0,,,,,,
95,Germany,82786787,39130978,40156503,7220827,7398601,9303309,10024505,9955575,12932635,9907511,7360047,5184471,,2021/11/01,177895,1630,176251,0,4795084,100262,4694741,0,,,,,,
96,Germany,82786787,39130978,40156503,7220827,7398601,9303309,10024505,9955575,12932635,9907511,7360047,5184471,,2021/11/08,271383,2212,269125,0,5066467,102474,4963866,0,,,,,,
97,Germany,82786787,39130978,40156503,7220827,7398601,9303309,10024505,9955575,12932635,9907511,7360047,5184471,,2021/11/15,351775,2598,349012,0,5418242,105072,5312878,0,,,,,,
98,Germany,82786787,39130978,40156503,7220827,7398601,9303309,10024505,9955575,12932635,9907511,7360047,5184471,,2021/11/22,403432,2968,400366,0,5821674,108040,5713244,0,,,,,,
99,Germany,82786787,39130978,40156503,7220827,7398601,9303309,10024505,9955575,12932635,9907511,7360047,5184471,,2021/11/29,388365,2733,385547,0,6210039,110773,6098791,0,,,,,,
100,Germany,82786787,39130978,40156503,7220827,7398601,9303309,10024505,9955575,12932635,9907511,7360047,5184471,,2021/12/06,338214,2360,335783,0,6548253,113133,6434574,0,,,,,,
101,Germany,82786787,39130978,40156503,7220827,7398601,9303309,10024505,9955575,12932635,9907511,7360047,5184471,,2021/12/13,273597,1852,271668,0,6821850,114985,6706242,0,,,,,,
102,Germany,82786787,39130978,40156503,7220827,7398601,9303309,10024505,9955575,12932635,9907511,7360047,5184471,,2021/12/20,193957,1183,192721,0,7015807,116168,6898963,0,,,,,,
103,Germany,82786787,39130978,40156503,7220827,7398601,9303309,10024505,9955575,12932635,9907511,7360047,5184471,,2021/12/27,208648,899,207641,0,7224455,117067,7106604,0,,,,,,
104,Germany,82786787,39130978,40156503,7220827,7398601,9303309,10024505,9955575,12932635,9907511,7360047,5184471,,2022/01/03,337829,729,336844,0,7562284,117796,7443448,0,,,,,,
105,Germany,82786787,39130978,40156503,7220827,7398601,9303309,10024505,9955575,12932635,9907511,7360047,5184471,,2022/01/10,485857,540,483592,0,8048141,118336,7927040,0,,,,,,
106,Germany,82786787,39130978,40156503,7220827,7398601,9303309,10024505,9955575,12932635,9907511,7360047,5184471,,2022/01/17,793701,564,459110,0,8841842,118900,8386150,0,,,,,,
107,Germany,82786787,39130978,40156503,7220827,7398601,9303309,10024505,9955575,12932635,9907511,7360047,5184471,,2022/01/24,1097225,567,415164,0,9939067,119467,8801314,0,,,,,,
108,Germany,82786787,39130978,40156503,7220827,7398601,9303309,10024505,9955575,12932635,9907511,7360047,5184471,,2022/01/31,1270157,499,175935,0,11209224,119966,8977249,0,,,,,,
109,Germany,82786787,39130978,40156503,7220827,7398601,9303309,10024505,9955575,12932635,9907511,7360047,5184471,,2022/02/07,1265940,235,11308,0,12475164,120201,8988557,0,,,,,,
110,Germany,82786787,39130978,40156503,7220827,7398601,9303309,10024505,9955575,12932635,9907511,7360047,5184471,,2022/02/14,103841,10,96,0,12579005,120211,8988653,0,,,,,,
111,Italy,55443101,26986652,28456449,4633566,5231560,5623413,6471216,8507701,8610615,6764526,5533564,4066940,,2020/02/24,1559,0,0,0,1559,0,0,0,,,,,,
112,Italy,55443101,26986652,28456449,4633566,5231560,5623413,6471216,8507701,8610615,6764526,5533564,4066940,,2020/03/02,5293,0,0,0,6852,0,0,0,,,,,,
113,Italy,55443101,26986652,28456449,4633566,5231560,5623413,6471216,8507701,8610615,6764526,5533564,4066940,,2020/03/09,16374,0,0,0,23226,0,0,0,,,,,,
114,Italy,55443101,26986652,28456449,4633566,5231560,5623413,6471216,8507701,8610615,6764526,5533564,4066940,,2020/03/16,31786,0,0,0,55012,0,0,0,,,,,,
115,Italy,55443101,26986652,28456449,4633566,5231560,5623413,6471216,8507701,8610615,6764526,5533564,4066940,,2020/03/23,35379,0,0,0,90391,0,0,0,,,,,,
116,Italy,55443101,26986652,28456449,4633566,5231560,5623413,6471216,8507701,8610615,6764526,5533564,4066940,,2020/03/30,29462,0,0,0,119853,0,0,0,,,,,,
117,Italy,55443101,26986652,28456449,4633566,5231560,5623413,6471216,8507701,8610615,6764526,5533564,4066940,,2020/04/06,25826,0,0,0,145679,0,0,0,,,,,,
118,Italy,55443101,26986652,28456449,4633566,5231560,5623413,6471216,8507701,8610615,6764526,5533564,4066940,,2020/04/13,21440,0,0,0,167119,0,0,0,,,,,,
119,Italy,55443101,26986652,28456449,4633566,5231560,5623413,6471216,8507701,8610615,6764526,5533564,4066940,,2020/04/20,17798,0,0,0,184917,0,0,0,,,,,,
120,Italy,55443101,26986652,28456449,4633566,5231560,5623413,6471216,8507701,8610615,6764526,5533564,4066940,,2020/04/27,12342,0,0,0,197259,0,0,0,,,,,,
121,Italy,55443101,26986652,28456449,4633566,5231560,5623413,6471216,8507701,8610615,6764526,5533564,4066940,,2020/05/04,8072,0,0,0,205331,0,0,0,,,,,,
122,Italy,55443101,26986652,28456449,4633566,5231560,5623413,6471216,8507701,8610615,6764526,5533564,4066940,,2020/05/11,6171,0,0,0,211502,0,0,0,,,,,,
123,Italy,55443101,26986652,28456449,4633566,5231560,5623413,6471216,8507701,8610615,6764526,5533564,4066940,,2020/05/18,4259,0,0,0,215761,0,0,0,,,,,,
124,Italy,55443101,26986652,28456449,4633566,5231560,5623413,6471216,8507701,8610615,6764526,5533564,4066940,,2020/05/25,3066,0,0,0,218827,0,0,0,,,,,,
125,Italy,55443101,26986652,28456449,4633566,5231560,5623413,6471216,8507701,8610615,6764526,5533564,4066940,,2020/06/01,1894,0,0,0,220721,0,0,0,,,,,,
126,Italy,55443101,26986652,28456449,4633566,5231560,5623413,6471216,8507701,8610615,6764526,5533564,4066940,,2020/06/08,2147,0,0,0,222868,0,0,0,,,,,,
127,Italy,55443101,26986652,28456449,4633566,5231560,5623413,6471216,8507701,8610615,6764526,5533564,4066940,,2020/06/15,1414,0,0,0,224282,0,0,0,,,,,,
128,Italy,55443101,26986652,28456449,4633566,5231560,5623413,6471216,8507701,8610615,6764526,5533564,4066940,,2020/06/22,-67,0,0,0,224215,0,0,0,,,,,,
129,Italy,55443101,26986652,28456449,4633566,5231560,5623413,6471216,8507701,8610615,6764526,5533564,4066940,,2020/06/29,1258,0,0,0,225473,0,0,0,,,,,,
130,Italy,55443101,26986652,28456449,4633566,5231560,5623413,6471216,8507701,8610615,6764526,5533564,4066940,,2020/07/06,1382,0,0,0,226855,0,0,0,,,,,,
131,Italy,55443101,26986652,28456449,4633566,5231560,5623413,6471216,8507701,8610615,6764526,5533564,4066940,,2020/07/13,1294,0,0,0,228149,0,0,0,,,,,,
132,Italy,55443101,26986652,28456449,4633566,5231560,5623413,6471216,8507701,8610615,6764526,5533564,4066940,,2020/07/20,1518,0,0,0,229667,0,0,0,,,,,,
133,Italy,55443101,26986652,28456449,4633566,5231560,5623413,6471216,8507701,8610615,6764526,5533564,4066940,,2020/07/27,1774,0,0,0,231441,0,0,0,,,,,,
134,Italy,55443101,26986652,28456449,4633566,5231560,5623413,6471216,8507701,8610615,6764526,5533564,4066940,,2020/08/03,2232,0,0,0,233673,0,0,0,,,,,,
135,Italy,55443101,26986652,28456449,4633566,5231560,5623413,6471216,8507701,8610615,6764526,5533564,4066940,,2020/08/10,3065,0,0,0,236738,0,0,0,,,,,,
136,Italy,55443101,26986652,28456449,4633566,5231560,5623413,6471216,8507701,8610615,6764526,5533564,4066940,,2020/08/17,4895,0,0,0,241633,0,0,0,,,,,,
137,Italy,55443101,26986652,28456449,4633566,5231560,5623413,6471216,8507701,8610615,6764526,5533564,4066940,,2020/08/24,7581,0,0,0,249214,0,0,0,,,,,,
138,Italy,55443101,26986652,28456449,4633566,5231560,5623413,6471216,8507701,8610615,6764526,5533564,4066940,,2020/08/31,8056,0,0,0,257270,0,0,0,,,,,,
139,Italy,55443101,26986652,28456449,4633566,5231560,5623413,6471216,8507701,8610615,6764526,5533564,4066940,,2020/09/07,8669,0,0,0,265939,0,0,0,,,,,,
140,Italy,55443101,26986652,28456449,4633566,5231560,5623413,6471216,8507701,8610615,6764526,5533564,4066940,,2020/09/14,8938,0,0,0,274877,0,0,0,,,,,,
141,Italy,55443101,26986652,28456449,4633566,5231560,5623413,6471216,8507701,8610615,6764526,5533564,4066940,,2020/09/21,9898,0,0,0,284775,0,0,0,,,,,,
142,Italy,55443101,26986652,28456449,4633566,5231560,5623413,6471216,8507701,8610615,6764526,5533564,4066940,,2020/09/28,12978,0,0,0,297753,0,0,0,,,,,,
143,Italy,55443101,26986652,28456449,4633566,5231560,5623413,6471216,8507701,8610615,6764526,5533564,4066940,,2020/10/05,25060,0,0,0,322813,0,0,0,,,,,,
144,Italy,55443101,26986652,28456449,4633566,5231560,5623413,6471216,8507701,8610615,6764526,5533564,4066940,,2020/10/12,51126,0,0,0,373939,0,0,0,,,,,,
145,Italy,55443101,26986652,28456449,4633566,5231560,5623413,6471216,8507701,8610615,6764526,5533564,4066940,,2020/10/19,96836,0,0,0,470775,0,0,0,,,,,,
146,Italy,55443101,26986652,28456449,4633566,5231560,5623413,6471216,8507701,8610615,6764526,5533564,4066940,,2020/10/26,162510,0,0,0,633285,0,0,0,,,,,,
147,Italy,55443101,26986652,28456449,4633566,5231560,5623413,6471216,8507701,8610615,6764526,5533564,4066940,,2020/11/02,198393,0,0,0,831678,0,0,0,,,,,,
148,Italy,55443101,26986652,28456449,4633566,5231560,5623413,6471216,8507701,8610615,6764526,5533564,4066940,,2020/11/09,218917,0,0,0,1050595,0,0,0,,,,,,
149,Italy,55443101,26986652,28456449,4633566,5231560,5623413,6471216,8507701,8610615,6764526,5533564,4066940,,2020/11/16,206155,0,0,0,1256750,0,0,0,,,,,,
150,Italy,55443101,26986652,28456449,4633566,5231560,5623413,6471216,8507701,8610615,6764526,5533564,4066940,,2020/11/23,159368,0,0,0,1416118,0,0,0,,,,,,
151,Italy,55443101,26986652,28456449,4633566,5231560,5623413,6471216,8507701,8610615,6764526,5533564,4066940,,2020/11/30,131242,0,0,0,1547360,0,0,0,,,,,,
152,Italy,55443101,26986652,28456449,4633566,5231560,5623413,6471216,8507701,8610615,6764526,5533564,4066940,,2020/12/07,106197,0,0,0,1653557,0,0,0,,,,,,
153,Italy,55443101,26986652,28456449,4633566,5231560,5623413,6471216,8507701,8610615,6764526,5533564,4066940,,2020/12/14,101346,0,0,0,1754903,0,0,0,,,,,,
154,Italy,55443101,26986652,28456449,4633566,5231560,5623413,6471216,8507701,8610615,6764526,5533564,4066940,,2020/12/21,87131,0,0,0,1842034,0,0,0,,,,,,
155,Italy,55443101,26986652,28456449,4633566,5231560,5623413,6471216,8507701,8610615,6764526,5533564,4066940,,2020/12/28,100948,0,0,0,1942982,0,0,0,,,,,,
156,Italy,55443101,26986652,28456449,4633566,5231560,5623413,6471216,8507701,8610615,6764526,5533564,4066940,,2021/01/04,112386,0,0,0,2055368,0,0,0,,,,,,
157,Italy,55443101,26986652,28456449,4633566,5231560,5623413,6471216,8507701,8610615,6764526,5533564,4066940,,2021/01/11,95533,0,0,0,2150901,0,0,0,,,,,,
158,Italy,55443101,26986652,28456449,4633566,5231560,5623413,6471216,8507701,8610615,6764526,5533564,4066940,,2021/01/18,75771,0,0,0,2226672,0,0,0,,,,,,
159,Italy,55443101,26986652,28456449,4633566,5231560,5623413,6471216,8507701,8610615,6764526,5533564,4066940,,2021/01/25,75182,0,0,0,2301854,0,0,0,,,,,,
160,Italy,55443101,26986652,28456449,4633566,5231560,5623413,6471216,8507701,8610615,6764526,5533564,4066940,,2021/02/01,71239,0,0,0,2373093,0,0,0,,,,,,
161,Italy,55443101,26986652,28456449,4633566,5231560,5623413,6471216,8507701,8610615,6764526,5533564,4066940,,2021/02/08,71859,0,0,0,2444952,0,0,0,,,,,,
162,Italy,55443101,26986652,28456449,4633566,5231560,5623413,6471216,8507701,8610615,6764526,5533564,4066940,,2021/02/15,75244,0,0,0,2520196,0,0,0,,,,,,
163,Italy,55443101,26986652,28456449,4633566,5231560,5623413,6471216,8507701,8610615,6764526,5533564,4066940,,2021/02/22,101199,0,0,0,2621395,0,0,0,,,,,,
164,Italy,55443101,26986652,28456449,4633566,5231560,5623413,6471216,8507701,8610615,6764526,5533564,4066940,,2021/03/01,125413,0,0,0,2746808,0,0,0,,,,,,
165,Italy,55443101,26986652,28456449,4633566,5231560,5623413,6471216,8507701,8610615,6764526,5533564,4066940,,2021/03/08,138685,0,0,0,2885493,0,0,0,,,,,,
166,Italy,55443101,26986652,28456449,4633566,5231560,5623413,6471216,8507701,8610615,6764526,5533564,4066940,,2021/03/15,141383,0,0,0,3026876,0,0,0,,,,,,
167,Italy,55443101,26986652,28456449,4633566,5231560,5623413,6471216,8507701,8610615,6764526,5533564,4066940,,2021/03/22,133791,0,0,0,3160667,0,0,0,,,,,,
168,Italy,55443101,26986652,28456449,4633566,5231560,5623413,6471216,8507701,8610615,6764526,5533564,4066940,,2021/03/29,124672,0,0,0,3285339,0,0,0,,,,,,
169,Italy,55443101,26986652,28456449,4633566,5231560,5623413,6471216,8507701,8610615,6764526,5533564,4066940,,2021/04/05,92766,0,0,0,3378105,0,0,0,,,,,,
170,Italy,55443101,26986652,28456449,4633566,5231560,5623413,6471216,8507701,8610615,6764526,5533564,4066940,,2021/04/12,90024,0,0,0,3468129,0,0,0,,,,,,
171,Italy,55443101,26986652,28456449,4633566,5231560,5623413,6471216,8507701,8610615,6764526,5533564,4066940,,2021/04/19,82176,0,0,0,3550305,0,0,0,,,,,,
172,Italy,55443101,26986652,28456449,4633566,5231560,5623413,6471216,8507701,8610615,6764526,5533564,4066940,,2021/04/26,72790,0,0,0,3623095,0,0,0,,,,,,
173,Italy,55443101,26986652,28456449,4633566,5231560,5623413,6471216,8507701,8610615,6764526,5533564,4066940,,2021/05/03,58939,0,0,0,3682034,0,0,0,,,,,,
174,Italy,55443101,26986652,28456449,4633566,5231560,5623413,6471216,8507701,8610615,6764526,5533564,4066940,,2021/05/10,42010,0,0,0,3724044,0,0,0,,,,,,
175,Italy,55443101,26986652,28456449,4633566,5231560,5623413,6471216,8507701,8610615,6764526,5533564,4066940,,2021/05/17,29317,0,0,0,3753361,0,0,0,,,,,,
176,Italy,55443101,26986652,28456449,4633566,5231560,5623413,6471216,8507701,8610615,6764526,5533564,4066940,,2021/05/24,21132,0,0,0,3774493,0,0,0,,,,,,
177,Italy,55443101,26986652,28456449,4633566,5231560,5623413,6471216,8507701,8610615,6764526,5533564,4066940,,2021/05/31,14576,0,0,0,3789069,0,0,0,,,,,,
178,Italy,55443101,26986652,28456449,4633566,5231560,5623413,6471216,8507701,8610615,6764526,5533564,4066940,,2021/06/07,11084,0,0,0,3800153,0,0,0,,,,,,
179,Italy,55443101,26986652,28456449,4633566,5231560,5623413,6471216,8507701,8610615,6764526,5533564,4066940,,2021/06/14,7257,0,0,0,3807410,0,0,0,,,,,,
180,Italy,55443101,26986652,28456449,4633566,5231560,5623413,6471216,8507701,8610615,6764526,5533564,4066940,,2021/06/21,4171,0,0,0,3811581,0,0,0,,,,,,
181,Italy,55443101,26986652,28456449,4633566,5231560,5623413,6471216,8507701,8610615,6764526,5533564,4066940,,2021/06/28,4447,0,0,0,3816028,0,0,0,,,,,,
182,Italy,55443101,26986652,28456449,4633566,5231560,5623413,6471216,8507701,8610615,6764526,5533564,4066940,,2021/07/05,6872,0,0,0,3822900,0,0,0,,,,,,
183,Italy,55443101,26986652,28456449,4633566,5231560,5623413,6471216,8507701,8610615,6764526,5533564,4066940,,2021/07/12,14564,0,0,0,3837464,0,0,0,,,,,,
184,Italy,55443101,26986652,28456449,4633566,5231560,5623413,6471216,8507701,8610615,6764526,5533564,4066940,,2021/07/19,27547,0,0,0,3865011,0,0,0,,,,,,
185,Italy,55443101,26986652,28456449,4633566,5231560,5623413,6471216,8507701,8610615,6764526,5533564,4066940,,2021/07/26,34735,0,0,0,3899746,0,0,0,,,,,,
186,Italy,55443101,26986652,28456449,4633566,5231560,5623413,6471216,8507701,8610615,6764526,5533564,4066940,,2021/08/02,37527,0,0,0,3937273,0,0,0,,,,,,
187,Italy,55443101,26986652,28456449,4633566,5231560,5623413,6471216,8507701,8610615,6764526,5533564,4066940,,2021/08/09,40161,0,0,0,3977434,0,0,0,,,,,,
188,Italy,55443101,26986652,28456449,4633566,5231560,5623413,6471216,8507701,8610615,6764526,5533564,4066940,,2021/08/16,40166,0,0,0,4017600,0,0,0,,,,,,
189,Italy,55443101,26986652,28456449,4633566,5231560,5623413,6471216,8507701,8610615,6764526,5533564,4066940,,2021/08/23,41649,0,0,0,4059249,0,0,0,,,,,,
190,Italy,55443101,26986652,28456449,4633566,5231560,5623413,6471216,8507701,8610615,6764526,5533564,4066940,,2021/08/30,37762,0,0,0,4097011,0,0,0,,,,,,
191,Italy,55443101,26986652,28456449,4633566,5231560,5623413,6471216,8507701,8610615,6764526,5533564,4066940,,2021/09/06,31680,0,0,0,4128691,0,0,0,,,,,,
192,Italy,55443101,26986652,28456449,4633566,5231560,5623413,6471216,8507701,8610615,6764526,5533564,4066940,,2021/09/13,26908,0,0,0,4155599,0,0,0,,,,,,
193,Italy,55443101,26986652,28456449,4633566,5231560,5623413,6471216,8507701,8610615,6764526,5533564,4066940,,2021/09/20,21873,0,0,0,4177472,0,0,0,,,,,,
194,Italy,55443101,26986652,28456449,4633566,5231560,5623413,6471216,8507701,8610615,6764526,5533564,4066940,,2021/09/27,19401,0,0,0,4196873,0,0,0,,,,,,
195,Italy,55443101,26986652,28456449,4633566,5231560,5623413,6471216,8507701,8610615,6764526,5533564,4066940,,2021/10/04,16195,0,0,0,4213068,0,0,0,,,,,,
196,Italy,55443101,26986652,28456449,4633566,5231560,5623413,6471216,8507701,8610615,6764526,5533564,4066940,,2021/10/11,15466,0,0,0,4228534,0,0,0,,,,,,
197,Italy,55443101,26986652,28456449,4633566,5231560,5623413,6471216,8507701,8610615,6764526,5533564,4066940,,2021/10/18,20585,0,0,0,4249119,0,0,0,,,,,,
198,Italy,55443101,26986652,28456449,4633566,5231560,5623413,6471216,8507701,8610615,6764526,5533564,4066940,,2021/10/25,26955,0,0,0,4276074,0,0,0,,,,,,
199,Italy,55443101,26986652,28456449,4633566,5231560,5623413,6471216,8507701,8610615,6764526,5533564,4066940,,2021/11/01,31357,0,0,0,4307431,0,0,0,,,,,,
200,Italy,55443101,26986652,28456449,4633566,5231560,5623413,6471216,8507701,8610615,6764526,5533564,4066940,,2021/11/08,45686,0,0,0,4353117,0,0,0,,,,,,
201,Italy,55443101,26986652,28456449,4633566,5231560,5623413,6471216,8507701,8610615,6764526,5533564,4066940,,2021/11/15,58322,0,0,0,4411439,0,0,0,,,,,,
202,Italy,55443101,26986652,28456449,4633566,5231560,5623413,6471216,8507701,8610615,6764526,5533564,4066940,,2021/11/22,73151,0,0,0,4484590,0,0,0,,,,,,
203,Italy,55443101,26986652,28456449,4633566,5231560,5623413,6471216,8507701,8610615,6764526,5533564,4066940,,2021/11/29,89699,0,0,0,4574289,0,0,0,,,,,,
204,Italy,55443101,26986652,28456449,4633566,5231560,5623413,6471216,8507701,8610615,6764526,5533564,4066940,,2021/12/06,104731,0,0,0,4679020,0,0,0,,,,,,
205,Italy,55443101,26986652,28456449,4633566,5231560,5623413,6471216,8507701,8610615,6764526,5533564,4066940,,2021/12/13,148182,0,0,0,4827202,0,0,0,,,,,,
206,Italy,55443101,26986652,28456449,4633566,5231560,5623413,6471216,8507701,8610615,6764526,5533564,4066940,,2021/12/20,232921,0,0,0,5060123,0,0,0,,,,,,
207,Italy,55443101,26986652,28456449,4633566,5231560,5623413,6471216,8507701,8610615,6764526,5533564,4066940,,2021/12/27,615002,0,0,0,5675125,0,0,0,,,,,,
208,Italy,55443101,26986652,28456449,4633566,5231560,5623413,6471216,8507701,8610615,6764526,5533564,4066940,,2022/01/03,1000433,0,0,0,6675558,0,0,0,,,,,,
209,Italy,55443101,26986652,28456449,4633566,5231560,5623413,6471216,8507701,8610615,6764526,5533564,4066940,,2022/01/10,1119775,0,0,0,7795333,0,0,0,,,,,,
210,Italy,55443101,26986652,28456449,4633566,5231560,5623413,6471216,8507701,8610615,6764526,5533564,4066940,,2022/01/17,1094527,0,0,0,8889860,0,0,0,,,,,,
211,Italy,55443101,26986652,28456449,4633566,5231560,5623413,6471216,8507701,8610615,6764526,5533564,4066940,,2022/01/24,909444,0,0,0,9799304,0,0,0,,,,,,
212,Italy,55443101,26986652,28456449,4633566,5231560,5623413,6471216,8507701,8610615,6764526,5533564,4066940,,2022/01/31,630566,0,0,0,10429870,0,0,0,,,,,,
213,Italy,55443101,26986652,28456449,4633566,5231560,5623413,6471216,8507701,8610615,6764526,5533564,4066940,,2022/02/07,440224,0,0,0,10870094,0,0,0,,,,,,
214,Italy,55443101,26986652,28456449,4633566,5231560,5623413,6471216,8507701,8610615,6764526,5533564,4066940,,2022/02/14,331604,0,0,0,11201698,0,0,0,,,,,,
215,Italy,55443101,26986652,28456449,4633566,5231560,5623413,6471216,8507701,8610615,6764526,5533564,4066940,,2022/02/21,270757,0,0,0,11472455,0,0,0,,,,,,
216,Italy,55443101,26986652,28456449,4633566,5231560,5623413,6471216,8507701,8610615,6764526,5533564,4066940,,2022/02/28,241115,0,0,0,11713570,0,0,0,,,,,,
217,Italy,55443101,26986652,28456449,4633566,5231560,5623413,6471216,8507701,8610615,6764526,5533564,4066940,,2022/03/07,321010,0,0,0,12034580,0,0,0,,,,,,
218,Italy,55443101,26986652,28456449,4633566,5231560,5623413,6471216,8507701,8610615,6764526,5533564,4066940,,2022/03/14,450878,0,0,0,12485458,0,0,0,,,,,,
219,Italy,55443101,26986652,28456449,4633566,5231560,5623413,6471216,8507701,8610615,6764526,5533564,4066940,,2022/03/21,462040,0,0,0,12947498,0,0,0,,,,,,
220,Italy,55443101,26986652,28456449,4633566,5231560,5623413,6471216,8507701,8610615,6764526,5533564,4066940,,2022/03/28,450119,0,0,0,13397617,0,0,0,,,,,,
221,Italy,55443101,26986652,28456449,4633566,5231560,5623413,6471216,8507701,8610615,6764526,5533564,4066940,,2022/04/04,411498,0,0,0,13809115,0,0,0,,,,,,
222,Italy,55443101,26986652,28456449,4633566,5231560,5623413,6471216,8507701,8610615,6764526,5533564,4066940,,2022/04/11,386386,0,0,0,14195501,0,0,0,,,,,,
223,Italy,55443101,26986652,28456449,4633566,5231560,5623413,6471216,8507701,8610615,6764526,5533564,4066940,,2022/04/18,387403,0,0,0,14582904,0,0,0,,,,,,
224,Italy,55443101,26986652,28456449,4633566,5231560,5623413,6471216,8507701,8610615,6764526,5533564,4066940,,2022/04/25,338180,0,0,0,14921084,0,0,0,,,,,,
225,Italy,55443101,26986652,28456449,4633566,5231560,5623413,6471216,8507701,8610615,6764526,5533564,4066940,,2022/05/02,269983,0,0,0,15191067,0,0,0,,,,,,
226,Italy,55443101,26986652,28456449,4633566,5231560,5623413,6471216,8507701,8610615,6764526,5533564,4066940,,2022/05/09,237851,0,0,0,15428918,0,0,0,,,,,,
227,Italy,55443101,26986652,28456449,4633566,5231560,5623413,6471216,8507701,8610615,6764526,5533564,4066940,,2022/05/16,174507,0,0,0,15603425,0,0,0,,,,,,
228,Italy,55443101,26986652,28456449,4633566,5231560,5623413,6471216,8507701,8610615,6764526,5533564,4066940,,2022/05/23,129649,0,0,0,15733074,0,0,0,,,,,,
229,Italy,55443101,26986652,28456449,4633566,5231560,5623413,6471216,8507701,8610615,6764526,5533564,4066940,,2022/05/30,106870,0,0,0,15839944,0,0,0,,,,,,
230,Italy,55443101,26986652,28456449,4633566,5231560,5623413,6471216,8507701,8610615,6764526,5533564,4066940,,2022/06/06,134974,0,0,0,15974918,0,0,0,,,,,,
231,Italy,55443101,26986652,28456449,4633566,5231560,5623413,6471216,8507701,8610615,6764526,5533564,4066940,,2022/06/13,206341,0,0,0,16181259,0,0,0,,,,,,
232,Italy,55443101,26986652,28456449,4633566,5231560,5623413,6471216,8507701,8610615,6764526,5533564,4066940,,2022/06/20,322373,0,0,0,16503632,0,0,0,,,,,,
233,Italy,55443101,26986652,28456449,4633566,5231560,5623413,6471216,8507701,8610615,6764526,5533564,4066940,,2022/06/27,479074,0,0,0,16982706,0,0,0,,,,,,
234,Italy,55443101,26986652,28456449,4633566,5231560,5623413,6471216,8507701,8610615,6764526,5533564,4066940,,2022/07/04,598132,0,0,0,17580838,0,0,0,,,,,,
235,Italy,55443101,26986652,28456449,4633566,5231560,5623413,6471216,8507701,8610615,6764526,5533564,4066940,,2022/07/11,639514,0,0,0,18220352,0,0,0,,,,,,
236,Italy,55443101,26986652,28456449,4633566,5231560,5623413,6471216,8507701,8610615,6764526,5533564,4066940,,2022/07/18,464581,0,0,0,18684933,0,0,0,,,,,,
237,Italy,55443101,26986652,28456449,4633566,5231560,5623413,6471216,8507701,8610615,6764526,5533564,4066940,,2022/07/25,347008,0,0,0,19031941,0,0,0,,,,,,
238,Italy,55443101,26986652,28456449,4633566,5231560,5623413,6471216,8507701,8610615,6764526,5533564,4066940,,2022/08/01,250225,0,0,0,19282166,0,0,0,,,,,,
239,Italy,55443101,26986652,28456449,4633566,5231560,5623413,6471216,8507701,8610615,6764526,5533564,4066940,,2022/08/08,169974,0,0,0,19452140,0,0,0,,,,,,
240,Italy,55443101,26986652,28456449,4633566,5231560,5623413,6471216,8507701,8610615,6764526,5533564,4066940,,2022/08/15,137729,0,0,0,19589869,0,0,0,,,,,,
241,Italy,55443101,26986652,28456449,4633566,5231560,5623413,6471216,8507701,8610615,6764526,5533564,4066940,,2022/08/22,9603,0,0,0,19599472,0,0,0,,,,,,
242,Spain,21098455,2245629,2292197,397668,470511,485346,610936,780231,695698,501783,356452,239207,,2020/01/27,2,0,0,0,2,0,0,0,,,,,,
243,Spain,21098455,2245629,2292197,397668,470511,485346,610936,780231,695698,501783,356452,239207,,2020/02/24,27,0,0,0,29,0,0,0,,,,,,
244,Spain,21098455,2245629,2292197,397668,470511,485346,610936,780231,695698,501783,356452,239207,,2020/03/02,528,0,10,0,557,0,10,0,,,,,,
245,Spain,21098455,2245629,2292197,397668,470511,485346,610936,780231,695698,501783,356452,239207,,2020/03/09,8790,4,6,0,9347,4,16,0,,,,,,
246,Spain,21098455,2245629,2292197,397668,470511,485346,610936,780231,695698,501783,356452,239207,,2020/03/16,26676,24,20,0,36023,28,36,0,,,,,,
247,Spain,21098455,2245629,2292197,397668,470511,485346,610936,780231,695698,501783,356452,239207,,2020/03/23,37914,88,152,0,73937,116,188,0,,,,,,
248,Spain,21098455,2245629,2292197,397668,470511,485346,610936,780231,695698,501783,356452,239207,,2020/03/30,30383,70,464,0,104320,186,652,0,,,,,,
249,Spain,21098455,2245629,2292197,397668,470511,485346,610936,780231,695698,501783,356452,239207,,2020/04/06,24469,20,562,0,128789,206,1214,0,,,,,,
250,Spain,21098455,2245629,2292197,397668,470511,485346,610936,780231,695698,501783,356452,239207,,2020/04/13,22406,38,732,0,151195,244,1946,0,,,,,,
251,Spain,21098455,2245629,2292197,397668,470511,485346,610936,780231,695698,501783,356452,239207,,2020/04/20,15681,30,588,0,166876,274,2534,0,,,,,,
252,Spain,21098455,2245629,2292197,397668,470511,485346,610936,780231,695698,501783,356452,239207,,2020/04/27,9180,16,452,0,176056,290,2986,0,,,,,,
253,Spain,21098455,2245629,2292197,397668,470511,485346,610936,780231,695698,501783,356452,239207,,2020/05/04,7424,12,440,0,183480,302,3426,0,,,,,,
254,Spain,21098455,2245629,2292197,397668,470511,485346,610936,780231,695698,501783,356452,239207,,2020/05/11,5104,10,300,0,188584,312,3726,0,,,,,,
255,Spain,21098455,2245629,2292197,397668,470511,485346,610936,780231,695698,501783,356452,239207,,2020/05/18,5561,2,272,0,194145,314,3998,0,,,,,,
256,Spain,21098455,2245629,2292197,397668,470511,485346,610936,780231,695698,501783,356452,239207,,2020/05/25,6324,6,142,0,200469,320,4140,0,,,,,,
257,Spain,21098455,2245629,2292197,397668,470511,485346,610936,780231,695698,501783,356452,239207,,2020/06/01,5028,2,106,0,205497,322,4246,0,,,,,,
258,Spain,21098455,2245629,2292197,397668,470511,485346,610936,780231,695698,501783,356452,239207,,2020/06/08,4935,2,80,0,210432,324,4326,0,,,,,,
259,Spain,21098455,2245629,2292197,397668,470511,485346,610936,780231,695698,501783,356452,239207,,2020/06/15,4481,0,62,0,214913,324,4388,0,,,,,,
260,Spain,21098455,2245629,2292197,397668,470511,485346,610936,780231,695698,501783,356452,239207,,2020/06/22,4290,0,56,0,219203,324,4444,0,,,,,,
261,Spain,21098455,2245629,2292197,397668,470511,485346,610936,780231,695698,501783,356452,239207,,2020/06/29,4552,0,46,0,223755,324,4490,0,,,,,,
262,Spain,21098455,2245629,2292197,397668,470511,485346,610936,780231,695698,501783,356452,239207,,2020/07/06,7283,0,14,0,231038,324,4504,0,,,,,,
263,Spain,21098455,2245629,2292197,397668,470511,485346,610936,780231,695698,501783,356452,239207,,2020/07/13,12098,0,56,0,243136,324,4560,0,,,,,,
264,Spain,21098455,2245629,2292197,397668,470511,485346,610936,780231,695698,501783,356452,239207,,2020/07/20,12815,0,88,0,255951,324,4648,0,,,,,,
265,Spain,21098455,2245629,2292197,397668,470511,485346,610936,780231,695698,501783,356452,239207,,2020/07/27,12865,0,102,0,268816,324,4750,0,,,,,,
266,Spain,21098455,2245629,2292197,397668,470511,485346,610936,780231,695698,501783,356452,239207,,2020/08/03,14336,4,82,0,283152,328,4832,0,,,,,,
267,Spain,21098455,2245629,2292197,397668,470511,485346,610936,780231,695698,501783,356452,239207,,2020/08/10,20021,4,320,0,303173,332,5152,0,,,,,,
268,Spain,21098455,2245629,2292197,397668,470511,485346,610936,780231,695698,501783,356452,239207,,2020/08/17,29770,6,1042,0,332943,338,6194,0,,,,,,
269,Spain,21098455,2245629,2292197,397668,470511,485346,610936,780231,695698,501783,356452,239207,,2020/08/24,38635,12,1916,0,371578,350,8110,0,,,,,,
270,Spain,21098455,2245629,2292197,397668,470511,485346,610936,780231,695698,501783,356452,239207,,2020/08/31,42189,26,2728,0,413767,376,10838,0,,,,,,
271,Spain,21098455,2245629,2292197,397668,470511,485346,610936,780231,695698,501783,356452,239207,,2020/09/07,44172,34,3642,0,457939,410,14480,0,,,,,,
272,Spain,21098455,2245629,2292197,397668,470511,485346,610936,780231,695698,501783,356452,239207,,2020/09/14,51815,36,4060,0,509754,446,18540,0,,,,,,
273,Spain,21098455,2245629,2292197,397668,470511,485346,610936,780231,695698,501783,356452,239207,,2020/09/21,58312,38,2892,0,568066,484,21432,0,,,,,,
274,Spain,21098455,2245629,2292197,397668,470511,485346,610936,780231,695698,501783,356452,239207,,2020/09/28,57218,6,2342,0,625284,490,23774,0,,,,,,
275,Spain,21098455,2245629,2292197,397668,470511,485346,610936,780231,695698,501783,356452,239207,,2020/10/05,53340,22,2394,0,678624,512,26168,0,,,,,,
276,Spain,21098455,2245629,2292197,397668,470511,485346,610936,780231,695698,501783,356452,239207,,2020/10/12,52431,20,2000,0,731055,532,28168,0,,,,,,
277,Spain,21098455,2245629,2292197,397668,470511,485346,610936,780231,695698,501783,356452,239207,,2020/10/19,65275,26,1730,0,796330,558,29898,0,,,,,,
278,Spain,21098455,2245629,2292197,397668,470511,485346,610936,780231,695698,501783,356452,239207,,2020/10/26,65140,22,1808,0,861470,580,31706,0,,,,,,
279,Spain,21098455,2245629,2292197,397668,470511,485346,610936,780231,695698,501783,356452,239207,,2020/11/02,53034,24,1568,0,914504,604,33274,0,,,,,,
280,Spain,21098455,2245629,2292197,397668,470511,485346,610936,780231,695698,501783,356452,239207,,2020/11/09,39661,28,2180,0,954165,632,35454,0,,,,,,
281,Spain,21098455,2245629,2292197,397668,470511,485346,610936,780231,695698,501783,356452,239207,,2020/11/16,32377,28,1652,0,986542,660,37106,0,,,,,,
282,Spain,21098455,2245629,2292197,397668,470511,485346,610936,780231,695698,501783,356452,239207,,2020/11/23,26350,32,1420,0,1012892,692,38526,0,,,,,,
283,Spain,21098455,2245629,2292197,397668,470511,485346,610936,780231,695698,501783,356452,239207,,2020/11/30,25497,12,1624,0,1038389,704,40150,0,,,,,,
284,Spain,21098455,2245629,2292197,397668,470511,485346,610936,780231,695698,501783,356452,239207,,2020/12/07,27153,32,1762,0,1065542,736,41912,0,,,,,,
285,Spain,21098455,2245629,2292197,397668,470511,485346,610936,780231,695698,501783,356452,239207,,2020/12/14,35373,56,2196,0,1100915,792,44108,0,,,,,,
286,Spain,21098455,2245629,2292197,397668,470511,485346,610936,780231,695698,501783,356452,239207,,2020/12/21,40599,38,2894,0,1141514,830,47002,0,,,,,,
287,Spain,21098455,2245629,2292197,397668,470511,485346,610936,780231,695698,501783,356452,239207,,2020/12/28,43531,54,2740,0,1185045,884,49742,0,,,,,,
288,Spain,21098455,2245629,2292197,397668,470511,485346,610936,780231,695698,501783,356452,239207,,2021/01/04,57866,30,3094,0,1242911,914,52836,0,,,,,,
289,Spain,21098455,2245629,2292197,397668,470511,485346,610936,780231,695698,501783,356452,239207,,2021/01/11,76427,52,3248,0,1319338,966,56084,0,,,,,,
290,Spain,21098455,2245629,2292197,397668,470511,485346,610936,780231,695698,501783,356452,239207,,2021/01/18,77032,66,3386,0,1396370,1032,59470,0,,,,,,
291,Spain,21098455,2245629,2292197,397668,470511,485346,610936,780231,695698,501783,356452,239207,,2021/01/25,81797,40,4018,0,1478167,1072,63488,0,,,,,,
292,Spain,21098455,2245629,2292197,397668,470511,485346,610936,780231,695698,501783,356452,239207,,2021/02/01,67188,34,3752,0,1545355,1106,67240,0,,,,,,
293,Spain,21098455,2245629,2292197,397668,470511,485346,610936,780231,695698,501783,356452,239207,,2021/02/08,52836,34,3522,0,1598191,1140,70762,0,,,,,,
294,Spain,21098455,2245629,2292197,397668,470511,485346,610936,780231,695698,501783,356452,239207,,2021/02/15,39176,36,3174,0,1637367,1176,73936,0,,,,,,
295,Spain,21098455,2245629,2292197,397668,470511,485346,610936,780231,695698,501783,356452,239207,,2021/02/22,31153,38,2486,0,1668520,1214,76422,0,,,,,,
296,Spain,21098455,2245629,2292197,397668,470511,485346,610936,780231,695698,501783,356452,239207,,2021/03/01,26424,38,2586,0,1694944,1252,79008,0,,,,,,
297,Spain,21098455,2245629,2292197,397668,470511,485346,610936,780231,695698,501783,356452,239207,,2021/03/08,24751,28,2164,0,1719695,1280,81172,0,,,,,,
298,Spain,21098455,2245629,2292197,397668,470511,485346,610936,780231,695698,501783,356452,239207,,2021/03/15,25944,46,2876,0,1745639,1326,84048,0,,,,,,
299,Spain,21098455,2245629,2292197,397668,470511,485346,610936,780231,695698,501783,356452,239207,,2021/03/22,27116,28,2594,0,1772755,1354,86642,0,,,,,,
300,Spain,21098455,2245629,2292197,397668,470511,485346,610936,780231,695698,501783,356452,239207,,2021/03/29,30508,34,2734,0,1803263,1388,89376,0,,,,,,
301,Spain,21098455,2245629,2292197,397668,470511,485346,610936,780231,695698,501783,356452,239207,,2021/04/05,31003,20,3194,0,1834266,1408,92570,0,,,,,,
302,Spain,21098455,2245629,2292197,397668,470511,485346,610936,780231,695698,501783,356452,239207,,2021/04/12,38733,44,2646,0,1872999,1452,95216,0,,,,,,
303,Spain,21098455,2245629,2292197,397668,470511,485346,610936,780231,695698,501783,356452,239207,,2021/04/19,37369,16,3078,0,1910368,1468,98294,0,,,,,,
304,Spain,21098455,2245629,2292197,397668,470511,485346,610936,780231,695698,501783,356452,239207,,2021/04/26,35662,14,2506,0,1946030,1482,100800,0,,,,,,
305,Spain,21098455,2245629,2292197,397668,470511,485346,610936,780231,695698,501783,356452,239207,,2021/05/03,30102,24,2364,0,1976132,1506,103164,0,,,,,,
306,Spain,21098455,2245629,2292197,397668,470511,485346,610936,780231,695698,501783,356452,239207,,2021/05/10,22328,16,1922,0,1998460,1522,105086,0,,,,,,
307,Spain,21098455,2245629,2292197,397668,470511,485346,610936,780231,695698,501783,356452,239207,,2021/05/17,19308,12,2014,0,2017768,1534,107100,0,,,,,,
308,Spain,21098455,2245629,2292197,397668,470511,485346,610936,780231,695698,501783,356452,239207,,2021/05/24,17006,4,1746,0,2034774,1538,108846,0,,,,,,
309,Spain,21098455,2245629,2292197,397668,470511,485346,610936,780231,695698,501783,356452,239207,,2021/05/31,14817,12,1660,0,2049591,1550,110506,0,,,,,,
310,Spain,21098455,2245629,2292197,397668,470511,485346,610936,780231,695698,501783,356452,239207,,2021/06/07,12891,12,1406,0,2062482,1562,111912,0,,,,,,
311,Spain,21098455,2245629,2292197,397668,470511,485346,610936,780231,695698,501783,356452,239207,,2021/06/14,12903,10,1638,0,2075385,1572,113550,0,,,,,,
312,Spain,21098455,2245629,2292197,397668,470511,485346,610936,780231,695698,501783,356452,239207,,2021/06/21,17231,6,1934,0,2092616,1578,115484,0,,,,,,
313,Spain,21098455,2245629,2292197,397668,470511,485346,610936,780231,695698,501783,356452,239207,,2021/06/28,53153,8,2324,0,2145769,1586,117808,0,,,,,,
314,Spain,21098455,2245629,2292197,397668,470511,485346,610936,780231,695698,501783,356452,239207,,2021/07/05,72523,6,3616,0,2218292,1592,121424,0,,,,,,
315,Spain,21098455,2245629,2292197,397668,470511,485346,610936,780231,695698,501783,356452,239207,,2021/07/12,97689,22,4884,0,2315981,1614,126308,0,,,,,,
316,Spain,21098455,2245629,2292197,397668,470511,485346,610936,780231,695698,501783,356452,239207,,2021/07/19,92633,18,7126,0,2408614,1632,133434,0,,,,,,
317,Spain,21098455,2245629,2292197,397668,470511,485346,610936,780231,695698,501783,356452,239207,,2021/07/26,82555,36,9650,0,2491169,1668,143084,0,,,,,,
318,Spain,21098455,2245629,2292197,397668,470511,485346,610936,780231,695698,501783,356452,239207,,2021/08/02,67240,52,10626,0,2558409,1720,153710,0,,,,,,
319,Spain,21098455,2245629,2292197,397668,470511,485346,610936,780231,695698,501783,356452,239207,,2021/08/09,47065,58,9052,0,2605474,1778,162762,0,,,,,,
320,Spain,21098455,2245629,2292197,397668,470511,485346,610936,780231,695698,501783,356452,239207,,2021/08/16,34693,50,7218,0,2640167,1828,169980,0,,,,,,
321,Spain,21098455,2245629,2292197,397668,470511,485346,610936,780231,695698,501783,356452,239207,,2021/08/23,24666,44,4884,0,2664833,1872,174864,0,,,,,,
322,Spain,21098455,2245629,2292197,397668,470511,485346,610936,780231,695698,501783,356452,239207,,2021/08/30,18923,36,3856,0,2683756,1908,178720,0,,,,,,
323,Spain,21098455,2245629,2292197,397668,470511,485346,610936,780231,695698,501783,356452,239207,,2021/09/06,14633,16,2788,0,2698389,1924,181508,0,,,,,,
324,Spain,21098455,2245629,2292197,397668,470511,485346,610936,780231,695698,501783,356452,239207,,2021/09/13,10602,30,2050,0,2708991,1954,183558,0,,,,,,
325,Spain,21098455,2245629,2292197,397668,470511,485346,610936,780231,695698,501783,356452,239207,,2021/09/20,8327,20,2200,0,2717318,1974,185758,0,,,,,,
326,Spain,21098455,2245629,2292197,397668,470511,485346,610936,780231,695698,501783,356452,239207,,2021/09/27,7451,12,1350,0,2724769,1986,187108,0,,,,,,
327,Spain,21098455,2245629,2292197,397668,470511,485346,610936,780231,695698,501783,356452,239207,,2021/10/04,5872,10,1120,0,2730641,1996,188228,0,,,,,,
328,Spain,21098455,2245629,2292197,397668,470511,485346,610936,780231,695698,501783,356452,239207,,2021/10/11,5535,6,864,0,2736176,2002,189092,0,,,,,,
329,Spain,21098455,2245629,2292197,397668,470511,485346,610936,780231,695698,501783,356452,239207,,2021/10/18,6012,12,736,0,2742188,2014,189828,0,,,,,,
330,Spain,21098455,2245629,2292197,397668,470511,485346,610936,780231,695698,501783,356452,239207,,2021/10/25,7257,4,962,0,2749445,2018,190790,0,,,,,,
331,Spain,21098455,2245629,2292197,397668,470511,485346,610936,780231,695698,501783,356452,239207,,2021/11/01,8275,14,1086,0,2757720,2032,191876,0,,,,,,
332,Spain,21098455,2245629,2292197,397668,470511,485346,610936,780231,695698,501783,356452,239207,,2021/11/08,8821,20,1286,0,2766541,2052,193162,0,,,,,,
333,Spain,21098455,2245629,2292197,397668,470511,485346,610936,780231,695698,501783,356452,239207,,2021/11/15,21545,22,1908,0,2788086,2074,195070,0,,,,,,
334,Spain,21098455,2245629,2292197,397668,470511,485346,610936,780231,695698,501783,356452,239207,,2021/11/22,25131,14,2632,0,2813217,2088,197702,0,,,,,,
335,Spain,21098455,2245629,2292197,397668,470511,485346,610936,780231,695698,501783,356452,239207,,2021/11/29,34756,26,3660,0,2847973,2114,201362,0,,,,,,
336,Spain,21098455,2245629,2292197,397668,470511,485346,610936,780231,695698,501783,356452,239207,,2021/12/06,45769,28,3028,0,2893742,2142,204390,0,,,,,,
337,Spain,21098455,2245629,2292197,397668,470511,485346,610936,780231,695698,501783,356452,239207,,2021/12/13,88179,48,2874,0,2981921,2190,207264,0,,,,,,
338,Spain,21098455,2245629,2292197,397668,470511,485346,610936,780231,695698,501783,356452,239207,,2021/12/20,215109,50,7050,0,3197030,2240,214314,0,,,,,,
339,Spain,21098455,2245629,2292197,397668,470511,485346,610936,780231,695698,501783,356452,239207,,2021/12/27,366127,68,11662,0,3563157,2308,225976,0,,,,,,
340,Spain,21098455,2245629,2292197,397668,470511,485346,610936,780231,695698,501783,356452,239207,,2022/01/03,396109,116,17234,0,3959266,2424,243210,0,,,,,,
341,Spain,21098455,2245629,2292197,397668,470511,485346,610936,780231,695698,501783,356452,239207,,2022/01/10,431619,44,10576,0,4390885,2468,253786,0,,,,,,
342,Spain,21098455,2245629,2292197,397668,470511,485346,610936,780231,695698,501783,356452,239207,,2022/01/17,455284,0,0,0,4846169,2468,253786,0,,,,,,
343,Spain,21098455,2245629,2292197,397668,470511,485346,610936,780231,695698,501783,356452,239207,,2022/01/24,289003,0,0,0,5135172,2468,253786,0,,,,,,
344,Spain,21098455,2245629,2292197,397668,470511,485346,610936,780231,695698,501783,356452,239207,,2022/01/31,169010,0,0,0,5304182,2468,253786,0,,,,,,
345,Spain,21098455,2245629,2292197,397668,470511,485346,610936,780231,695698,501783,356452,239207,,2022/02/07,119559,0,0,0,5423741,2468,253786,0,,,,,,
346,Spain,21098455,2245629,2292197,397668,470511,485346,610936,780231,695698,501783,356452,239207,,2022/02/14,64129,0,0,0,5487870,2468,253786,0,,,,,,
347,Spain,21098455,2245629,2292197,397668,470511,485346,610936,780231,695698,501783,356452,239207,,2022/02/21,54586,0,0,0,5542456,2468,253786,0,,,,,,
348,Spain,21098455,2245629,2292197,397668,470511,485346,610936,780231,695698,501783,356452,239207,,2022/02/28,48065,0,0,0,5590521,2468,253786,0,,,,,,
349,Spain,21098455,2245629,2292197,397668,470511,485346,610936,780231,695698,501783,356452,239207,,2022/03/07,43915,0,0,0,5634436,2468,253786,0,,,,,,
350,Spain,21098455,2245629,2292197,397668,470511,485346,610936,780231,695698,501783,356452,239207,,2022/03/14,37679,0,0,0,5672115,2468,253786,0,,,,,,
351,Spain,21098455,2245629,2292197,397668,470511,485346,610936,780231,695698,501783,356452,239207,,2022/03/21,31801,0,0,0,5703916,2468,253786,0,,,,,,
352,Spain,21098455,2245629,2292197,397668,470511,485346,610936,780231,695698,501783,356452,239207,,2022/03/28,21957,0,0,0,5725873,2468,253786,0,,,,,,
353,Spain,21098455,2245629,2292197,397668,470511,485346,610936,780231,695698,501783,356452,239207,,2022/04/04,11743,0,0,0,5737616,2468,253786,0,,,,,,
354,Spain,21098455,2245629,2292197,397668,470511,485346,610936,780231,695698,501783,356452,239207,,2022/04/11,11293,0,0,0,5748909,2468,253786,0,,,,,,
355,Spain,21098455,2245629,2292197,397668,470511,485346,610936,780231,695698,501783,356452,239207,,2022/04/18,13121,0,0,0,5762030,2468,253786,0,,,,,,
356,Spain,21098455,2245629,2292197,397668,470511,485346,610936,780231,695698,501783,356452,239207,,2022/04/25,16115,0,0,0,5778145,2468,253786,0,,,,,,
357,Spain,21098455,2245629,2292197,397668,470511,485346,610936,780231,695698,501783,356452,239207,,2022/05/02,19243,0,0,0,5797388,2468,253786,0,,,,,,
358,Spain,21098455,2245629,2292197,397668,470511,485346,610936,780231,695698,501783,356452,239207,,2022/05/09,19761,0,0,0,5817149,2468,253786,0,,,,,,
359,Spain,21098455,2245629,2292197,397668,470511,485346,610936,780231,695698,501783,356452,239207,,2022/05/16,17700,0,0,0,5834849,2468,253786,0,,,,,,
360,Spain,21098455,2245629,2292197,397668,470511,485346,610936,780231,695698,501783,356452,239207,,2022/05/23,14478,0,0,0,5849327,2468,253786,0,,,,,,
361,Spain,21098455,2245629,2292197,397668,470511,485346,610936,780231,695698,501783,356452,239207,,2022/05/30,15430,0,0,0,5864757,2468,253786,0,,,,,,
362,Spain,21098455,2245629,2292197,397668,470511,485346,610936,780231,695698,501783,356452,239207,,2022/06/06,16834,0,0,0,5881591,2468,253786,0,,,,,,
363,Spain,21098455,2245629,2292197,397668,470511,485346,610936,780231,695698,501783,356452,239207,,2022/06/13,21774,0,0,0,5903365,2468,253786,0,,,,,,
364,Spain,21098455,2245629,2292197,397668,470511,485346,610936,780231,695698,501783,356452,239207,,2022/06/20,28856,0,0,0,5932221,2468,253786,0,,,,,,
365,Spain,21098455,2245629,2292197,397668,470511,485346,610936,780231,695698,501783,356452,239207,,2022/06/27,30027,0,0,0,5962248,2468,253786,0,,,,,,
366,Spain,21098455,2245629,2292197,397668,470511,485346,610936,780231,695698,501783,356452,239207,,2022/07/04,22949,0,0,0,5985197,2468,253786,0,,,,,,
367,Spain,21098455,2245629,2292197,397668,470511,485346,610936,780231,695698,501783,356452,239207,,2022/07/11,13763,0,0,0,5998960,2468,253786,0,,,,,,
368,Spain,21098455,2245629,2292197,397668,470511,485346,610936,780231,695698,501783,356452,239207,,2022/07/18,8229,0,0,0,6007189,2468,253786,0,,,,,,
369,Spain,21098455,2245629,2292197,397668,470511,485346,610936,780231,695698,501783,356452,239207,,2022/07/25,814,0,0,0,6008003,2468,253786,0,,,,,,
370,United States of America,341338766,166328382,171752013,41786394,43337205,47418023,45171048,42199147,44944501,38040772,22292522,12890784,77.87199867637327,2020/01/20,0,0,0,0,0,0,0,0,,,,,,
371,United States of America,341338766,166328382,171752013,41786394,43337205,47418023,45171048,42199147,44944501,38040772,22292522,12890784,77.87199867637327,2020/01/27,7,0,0,339,7,0,0,339,,,,,,
372,United States of America,341338766,166328382,171752013,41786394,43337205,47418023,45171048,42199147,44944501,38040772,22292522,12890784,77.87199867637327,2020/02/03,0,0,0,493,7,0,0,832,,,,,,
373,United States of America,341338766,166328382,171752013,41786394,43337205,47418023,45171048,42199147,44944501,38040772,22292522,12890784,77.87199867637327,2020/02/10,3,0,0,194,10,0,0,1026,,,,,,
374,United States of America,341338766,166328382,171752013,41786394,43337205,47418023,45171048,42199147,44944501,38040772,22292522,12890784,77.87199867637327,2020/02/17,20,0,0,221,30,0,0,1247,,,,,,
375,United States of America,341338766,166328382,171752013,41786394,43337205,47418023,45171048,42199147,44944501,38040772,22292522,12890784,77.87199867637327,2020/02/24,42,3,0,414,72,3,0,1661,4,,,4,,
376,United States of America,341338766,166328382,171752013,41786394,43337205,47418023,45171048,42199147,44944501,38040772,22292522,12890784,77.87199867637327,2020/03/02,478,18,0,2213,550,21,0,3874,118,,,122,,
377,United States of America,341338766,166328382,171752013,41786394,43337205,47418023,45171048,42199147,44944501,38040772,22292522,12890784,77.87199867637327,2020/03/09,8261,53,0,18324,8811,74,0,22198,1642,,,1764,,
378,United States of America,341338766,166328382,171752013,41786394,43337205,47418023,45171048,42199147,44944501,38040772,22292522,12890784,77.87199867637327,2020/03/16,61395,667,0,55963,70206,741,0,78161,8220,,,9984,,
379,United States of America,341338766,166328382,171752013,41786394,43337205,47418023,45171048,42199147,44944501,38040772,22292522,12890784,77.87199867637327,2020/03/23,140933,3810,0,75926,211139,4551,0,154087,19846,75,13.857142857142858,29830,,
380,United States of America,341338766,166328382,171752013,41786394,43337205,47418023,45171048,42199147,44944501,38040772,22292522,12890784,77.87199867637327,2020/03/30,231992,11326,0,89320,443131,15877,0,243407,23486,51,9.571428571428571,53316,,
381,United States of America,341338766,166328382,171752013,41786394,43337205,47418023,45171048,42199147,44944501,38040772,22292522,12890784,77.87199867637327,2020/04/06,252489,16725,0,98644,695620,32602,0,342051,19196,44.57142857142857,10.428571428571429,72512,,
382,United States of America,341338766,166328382,171752013,41786394,43337205,47418023,45171048,42199147,44944501,38040772,22292522,12890784,77.87199867637327,2020/04/13,217235,17269,0,116842,912855,49871,0,458893,11456,34.714285714285715,7.714285714285714,83968,,
383,United States of America,341338766,166328382,171752013,41786394,43337205,47418023,45171048,42199147,44944501,38040772,22292522,12890784,77.87199867637327,2020/04/20,226730,15850,0,165424,1139585,65721,0,624317,6642,35,4.142857142857143,90610,,
384,United States of America,341338766,166328382,171752013,41786394,43337205,47418023,45171048,42199147,44944501,38040772,22292522,12890784,77.87199867637327,2020/04/27,205034,14595,0,244068,1344619,80316,0,868385,3972,20.714285714285715,4.285714285714286,94582,,
385,United States of America,341338766,166328382,171752013,41786394,43337205,47418023,45171048,42199147,44944501,38040772,22292522,12890784,77.87199867637327,2020/05/04,177332,12709,0,307033,1521951,93025,0,1175418,2492,39,5.142857142857143,97074,,
386,United States of America,341338766,166328382,171752013,41786394,43337205,47418023,45171048,42199147,44944501,38040772,22292522,12890784,77.87199867637327,2020/05/11,163276,10309,0,348985,1685227,103334,0,1524403,1740,30.428571428571427,6.714285714285714,98814,,
387,United States of America,341338766,166328382,171752013,41786394,43337205,47418023,45171048,42199147,44944501,38040772,22292522,12890784,77.87199867637327,2020/05/18,165210,8310,0,394540,1850437,111644,0,1918943,1312,26.571428571428573,7.857142857142857,100126,,
388,United States of America,341338766,166328382,171752013,41786394,43337205,47418023,45171048,42199147,44944501,38040772,22292522,12890784,77.87199867637327,2020/05/25,153352,7154,0,391441,2003789,118798,0,2310384,1022,21.285714285714285,8.571428571428571,101148,,
389,United States of America,341338766,166328382,171752013,41786394,43337205,47418023,45171048,42199147,44944501,38040772,22292522,12890784,77.87199867637327,2020/06/01,157442,6272,0,451542,2161231,125070,0,2761926,888,18.571428571428573,4,102036,,
390,United States of America,341338766,166328382,171752013,41786394,43337205,47418023,45171048,42199147,44944501,38040772,22292522,12890784,77.87199867637327,2020/06/08,153178,5425,0,537367,2314409,130495,0,3299293,750,10.285714285714286,0.7142857142857143,102786,,
391,United States of America,341338766,166328382,171752013,41786394,43337205,47418023,45171048,42199147,44944501,38040772,22292522,12890784,77.87199867637327,2020/06/15,191731,4266,0,592912,2506140,134761,0,3892205,670,7,2.4285714285714284,103456,,
392,United States of America,341338766,166328382,171752013,41786394,43337205,47418023,45171048,42199147,44944501,38040772,22292522,12890784,77.87199867637327,2020/06/22,277798,5995,0,729364,2783938,140756,0,4621569,592,6.857142857142857,3.4285714285714284,104048,,
393,United States of America,341338766,166328382,171752013,41786394,43337205,47418023,45171048,42199147,44944501,38040772,22292522,12890784,77.87199867637327,2020/06/29,356009,3542,0,706473,3139947,144298,0,5328042,534,11,1.8571428571428572,104582,,
394,United States of America,341338766,166328382,171752013,41786394,43337205,47418023,45171048,42199147,44944501,38040772,22292522,12890784,77.87199867637327,2020/07/06,418389,5124,0,909702,3558336,149422,0,6237744,572,15.285714285714286,1.4285714285714286,105154,,
395,United States of America,341338766,166328382,171752013,41786394,43337205,47418023,45171048,42199147,44944501,38040772,22292522,12890784,77.87199867637327,2020/07/13,475582,5437,0,952312,4033918,154859,0,7190056,570,14.285714285714286,0.8571428571428571,105724,,
396,United States of America,341338766,166328382,171752013,41786394,43337205,47418023,45171048,42199147,44944501,38040772,22292522,12890784,77.87199867637327,2020/07/20,468271,6469,0,868338,4502189,161328,0,8058394,472,17,2.857142857142857,106196,,
397,United States of America,341338766,166328382,171752013,41786394,43337205,47418023,45171048,42199147,44944501,38040772,22292522,12890784,77.87199867637327,2020/07/27,440235,8593,0,886079,4942424,169921,0,8944473,478,14.142857142857142,2,106674,,
398,United States of America,341338766,166328382,171752013,41786394,43337205,47418023,45171048,42199147,44944501,38040772,22292522,12890784,77.87199867637327,2020/08/03,384008,6584,0,835457,5326432,176505,0,9779930,430,10.428571428571429,1.4285714285714286,107104,,
399,United States of America,341338766,166328382,171752013,41786394,43337205,47418023,45171048,42199147,44944501,38040772,22292522,12890784,77.87199867637327,2020/08/10,367857,7394,0,785509,5694289,183899,0,10565439,436,16.142857142857142,3,107540,,
400,United States of America,341338766,166328382,171752013,41786394,43337205,47418023,45171048,42199147,44944501,38040772,22292522,12890784,77.87199867637327,2020/08/17,302540,6815,0,727550,5996829,190714,0,11292989,450,19.857142857142858,1.5714285714285714,107990,,
401,United States of America,341338766,166328382,171752013,41786394,43337205,47418023,45171048,42199147,44944501,38040772,22292522,12890784,77.87199867637327,2020/08/24,296755,6338,0,720500,6293584,197052,0,12013489,400,8.714285714285714,0.42857142857142855,108390,,
402,United States of America,341338766,166328382,171752013,41786394,43337205,47418023,45171048,42199147,44944501,38040772,22292522,12890784,77.87199867637327,2020/08/31,287212,5924,0,721178,6580796,202976,0,12734667,388,10,0.5714285714285714,108778,,
403,United States of America,341338766,166328382,171752013,41786394,43337205,47418023,45171048,42199147,44944501,38040772,22292522,12890784,77.87199867637327,2020/09/07,249614,5077,0,691334,6830410,208053,0,13426001,324,12.285714285714286,1.1428571428571428,109102,,
404,United States of America,341338766,166328382,171752013,41786394,43337205,47418023,45171048,42199147,44944501,38040772,22292522,12890784,77.87199867637327,2020/09/14,290638,5426,0,789347,7121048,213479,0,14215348,450,7.285714285714286,1.2857142857142858,109552,,
405,United States of America,341338766,166328382,171752013,41786394,43337205,47418023,45171048,42199147,44944501,38040772,22292522,12890784,77.87199867637327,2020/09/21,319714,5197,0,839065,7440762,218676,0,15054413,506,3.857142857142857,3.142857142857143,110058,,
406,United States of America,341338766,166328382,171752013,41786394,43337205,47418023,45171048,42199147,44944501,38040772,22292522,12890784,77.87199867637327,2020/09/28,309223,5029,0,866888,7749985,223705,0,15921301,602,5.428571428571429,0.7142857142857143,110660,,
407,United States of America,341338766,166328382,171752013,41786394,43337205,47418023,45171048,42199147,44944501,38040772,22292522,12890784,77.87199867637327,2020/10/05,379457,4980,0,980276,8129442,228685,0,16901577,678,4,1.2857142857142858,111338,,
408,United States of America,341338766,166328382,171752013,41786394,43337205,47418023,45171048,42199147,44944501,38040772,22292522,12890784,77.87199867637327,2020/10/12,402030,4964,0,983676,8531472,233649,0,17885253,716,3.5714285714285716,1.4285714285714286,112054,,
409,United States of America,341338766,166328382,171752013,41786394,43337205,47418023,45171048,42199147,44944501,38040772,22292522,12890784,77.87199867637327,2020/10/19,492870,5616,0,1022127,9024342,239265,0,18907380,800,3.2857142857142856,2,112854,,
410,United States of America,341338766,166328382,171752013,41786394,43337205,47418023,45171048,42199147,44944501,38040772,22292522,12890784,77.87199867637327,2020/10/26,585208,5859,0,1069994,9609550,245124,0,19977374,744,2.2857142857142856,0.42857142857142855,113598,,
411,United States of America,341338766,166328382,171752013,41786394,43337205,47418023,45171048,42199147,44944501,38040772,22292522,12890784,77.87199867637327,2020/11/02,799465,7443,0,1208607,10409015,252567,0,21185981,966,2.5714285714285716,1.1428571428571428,114564,,
412,United States of America,341338766,166328382,171752013,41786394,43337205,47418023,45171048,42199147,44944501,38040772,22292522,12890784,77.87199867637327,2020/11/09,1066883,8335,0,1369036,11475898,260902,0,22555017,1274,3.857142857142857,0.8571428571428571,115838,,
413,United States of America,341338766,166328382,171752013,41786394,43337205,47418023,45171048,42199147,44944501,38040772,22292522,12890784,77.87199867637327,2020/11/16,1208448,10474,0,1769836,12684346,271376,0,24324853,1706,3.857142857142857,2.2857142857142856,117544,,
414,United States of America,341338766,166328382,171752013,41786394,43337205,47418023,45171048,42199147,44944501,38040772,22292522,12890784,77.87199867637327,2020/11/23,1147882,10150,0,1437989,13832228,281526,0,25762842,2066,1.8571428571428572,0.5714285714285714,119610,,
415,United States of America,341338766,166328382,171752013,41786394,43337205,47418023,45171048,42199147,44944501,38040772,22292522,12890784,77.87199867637327,2020/11/30,1404975,15668,0,2140099,15237203,297194,0,27902941,2638,3.857142857142857,0.8571428571428571,122248,,
416,United States of America,341338766,166328382,171752013,41786394,43337205,47418023,45171048,42199147,44944501,38040772,22292522,12890784,77.87199867637327,2020/12/07,1559295,17031,0,2212865,16796498,314225,0,30115806,3326,6,0.7142857142857143,125574,,
417,United States of America,341338766,166328382,171752013,41786394,43337205,47418023,45171048,42199147,44944501,38040772,22292522,12890784,77.87199867637327,2020/12/14,1542979,18520,0,2390802,18339477,332745,0,32506608,3438,6.571428571428571,1,129012,,
418,United States of America,341338766,166328382,171752013,41786394,43337205,47418023,45171048,42199147,44944501,38040772,22292522,12890784,77.87199867637327,2020/12/21,1306851,15615,0,1860097,19646328,348360,0,34366705,3966,7.142857142857143,0.7142857142857143,132978,,
419,United States of America,341338766,166328382,171752013,41786394,43337205,47418023,45171048,42199147,44944501,38040772,22292522,12890784,77.87199867637327,2020/12/28,1511952,18480,0,1963183,21158280,366840,0,36329888,4438,3.5714285714285716,1.7142857142857142,137416,,
420,United States of America,341338766,166328382,171752013,41786394,43337205,47418023,45171048,42199147,44944501,38040772,22292522,12890784,77.87199867637327,2021/01/04,1825648,23221,0,2561302,22983928,390061,0,38891190,5016,7.142857142857143,0.42857142857142855,142432,,
421,United States of America,341338766,166328382,171752013,41786394,43337205,47418023,45171048,42199147,44944501,38040772,22292522,12890784,77.87199867637327,2021/01/11,1570556,23051,0,2335106,24554484,413112,0,41226296,5542,3.7142857142857144,2.7142857142857144,147974,,
422,United States of America,341338766,166328382,171752013,41786394,43337205,47418023,45171048,42199147,44944501,38040772,22292522,12890784,77.87199867637327,2021/01/18,1212338,21985,0,1997801,25766822,435097,0,43224097,5460,5.571428571428571,0.14285714285714285,153434,,
423,United States of America,341338766,166328382,171752013,41786394,43337205,47418023,45171048,42199147,44944501,38040772,22292522,12890784,77.87199867637327,2021/01/25,1057479,22609,0,1761841,26824301,457706,0,44985938,5192,2.7142857142857144,0.14285714285714285,158626,,
424,United States of America,341338766,166328382,171752013,41786394,43337205,47418023,45171048,42199147,44944501,38040772,22292522,12890784,77.87199867637327,2021/02/01,842836,22782,0,1754103,27667137,480488,0,46740041,5358,4.857142857142857,0.2857142857142857,163984,,
425,United States of America,341338766,166328382,171752013,41786394,43337205,47418023,45171048,42199147,44944501,38040772,22292522,12890784,77.87199867637327,2021/02/08,655278,22456,0,1547290,28322415,502944,0,48287331,4692,2,0.42857142857142855,168676,,
426,United States of America,341338766,166328382,171752013,41786394,43337205,47418023,45171048,42199147,44944501,38040772,22292522,12890784,77.87199867637327,2021/02/15,475154,13935,0,1375691,28797569,516879,0,49663022,4210,5.428571428571429,0.7142857142857143,172886,,
427,United States of America,341338766,166328382,171752013,41786394,43337205,47418023,45171048,42199147,44944501,38040772,22292522,12890784,77.87199867637327,2021/02/22,489189,14986,0,1362830,29286758,531865,0,51025852,4296,3.5714285714285716,0.7142857142857143,177182,,
428,United States of America,341338766,166328382,171752013,41786394,43337205,47418023,45171048,42199147,44944501,38040772,22292522,12890784,77.87199867637327,2021/03/01,422151,11876,0,1310859,29708909,543741,0,52336711,3898,7.857142857142857,0.42857142857142855,181080,,
429,United States of America,341338766,166328382,171752013,41786394,43337205,47418023,45171048,42199147,44944501,38040772,22292522,12890784,77.87199867637327,2021/03/08,436862,9580,0,1267000,30145771,553321,0,53603711,3858,7.428571428571429,0.42857142857142855,184938,,
430,United States of America,341338766,166328382,171752013,41786394,43337205,47418023,45171048,42199147,44944501,38040772,22292522,12890784,77.87199867637327,2021/03/15,404489,8086,0,1273214,30550260,561407,0,54876925,3858,2.857142857142857,0.8571428571428571,188796,,
431,United States of America,341338766,166328382,171752013,41786394,43337205,47418023,45171048,42199147,44944501,38040772,22292522,12890784,77.87199867637327,2021/03/22,445730,7236,0,1262868,30995990,568643,0,56139793,4024,7.857142857142857,0.8571428571428571,192820,,
432,United States of America,341338766,166328382,171752013,41786394,43337205,47418023,45171048,42199147,44944501,38040772,22292522,12890784,77.87199867637327,2021/03/29,460071,5953,0,1183708,31456061,574596,0,57323501,3692,5.857142857142857,0.8571428571428571,196512,,
433,United States of America,341338766,166328382,171752013,41786394,43337205,47418023,45171048,42199147,44944501,38040772,22292522,12890784,77.87199867637327,2021/04/05,497608,7355,0,1314157,31953669,581951,0,58637658,3000,3.2857142857142856,1.5714285714285714,199512,,
434,United States of America,341338766,166328382,171752013,41786394,43337205,47418023,45171048,42199147,44944501,38040772,22292522,12890784,77.87199867637327,2021/04/12,481230,6431,0,1433691,32434899,588382,0,60071349,2720,5,2.5714285714285716,202232,,
435,United States of America,341338766,166328382,171752013,41786394,43337205,47418023,45171048,42199147,44944501,38040772,22292522,12890784,77.87199867637327,2021/04/19,412096,5143,0,1415442,32846995,593525,0,61486791,1980,3.7142857142857144,1,204212,,
436,United States of America,341338766,166328382,171752013,41786394,43337205,47418023,45171048,42199147,44944501,38040772,22292522,12890784,77.87199867637327,2021/04/26,349427,5141,0,1348238,33196422,598666,0,62835029,1506,4.857142857142857,1.1428571428571428,205718,6605376,6605376
437,United States of America,341338766,166328382,171752013,41786394,43337205,47418023,45171048,42199147,44944501,38040772,22292522,12890784,77.87199867637327,2021/05/03,289599,4877,0,1310966,33486021,603543,0,64145995,1102,4.857142857142857,1.1428571428571428,206820,9683015,16288391
438,United States of America,341338766,166328382,171752013,41786394,43337205,47418023,45171048,42199147,44944501,38040772,22292522,12890784,77.87199867637327,2021/05/10,233318,4272,0,1300192,33719339,607815,0,65446187,848,3,1.8571428571428572,207668,8030554,24318945
439,United States of America,341338766,166328382,171752013,41786394,43337205,47418023,45171048,42199147,44944501,38040772,22292522,12890784,77.87199867637327,2021/05/17,177407,4008,0,1247131,33896746,611823,0,66693318,770,4.571428571428571,1.8571428571428572,208438,6018770,30337715
440,United States of America,341338766,166328382,171752013,41786394,43337205,47418023,45171048,42199147,44944501,38040772,22292522,12890784,77.87199867637327,2021/05/24,142618,4628,0,1141053,34039364,616451,0,67834371,488,3.5714285714285716,1,208926,4507610,34845325
441,United States of America,341338766,166328382,171752013,41786394,43337205,47418023,45171048,42199147,44944501,38040772,22292522,12890784,77.87199867637327,2021/05/31,60835,3263,0,1065755,34100199,619714,0,68900126,382,2.4285714285714284,0.5714285714285714,209308,3492784,38338109
442,United States of America,341338766,166328382,171752013,41786394,43337205,47418023,45171048,42199147,44944501,38040772,22292522,12890784,77.87199867637327,2021/06/07,102557,2363,0,980973,34202756,622077,0,69881099,384,2.142857142857143,1.2857142857142858,209692,4440724,42778833
443,United States of America,341338766,166328382,171752013,41786394,43337205,47418023,45171048,42199147,44944501,38040772,22292522,12890784,77.87199867637327,2021/06/14,80500,1909,0,816742,34283256,623986,0,70697841,324,4.857142857142857,0.14285714285714285,210016,5078061,47856894
444,United States of America,341338766,166328382,171752013,41786394,43337205,47418023,45171048,42199147,44944501,38040772,22292522,12890784,77.87199867637327,2021/06/21,87207,2011,0,810169,34370463,625997,0,71508010,320,6.142857142857143,0.42857142857142855,210336,3019848,50876742
445,United States of America,341338766,166328382,171752013,41786394,43337205,47418023,45171048,42199147,44944501,38040772,22292522,12890784,77.87199867637327,2021/06/28,88782,1398,0,793110,34459245,627395,0,72301120,366,8.142857142857142,1.8571428571428572,210702,3949509,54826251
446,United States of America,341338766,166328382,171752013,41786394,43337205,47418023,45171048,42199147,44944501,38040772,22292522,12890784,77.87199867637327,2021/07/05,143614,1508,0,805930,34602859,628903,0,73107050,342,5.285714285714286,1.2857142857142858,211044,1752483,56578734
447,United States of America,341338766,166328382,171752013,41786394,43337205,47418023,45171048,42199147,44944501,38040772,22292522,12890784,77.87199867637327,2021/07/12,231961,1653,0,919810,34834820,630556,0,74026860,484,5.571428571428571,1,211528,1737712,58316446
448,United States of America,341338766,166328382,171752013,41786394,43337205,47418023,45171048,42199147,44944501,38040772,22292522,12890784,77.87199867637327,2021/07/19,371355,1647,0,1113575,35206175,632203,0,75140435,690,11,0.14285714285714285,212218,1588303,59904749
449,United States of America,341338766,166328382,171752013,41786394,43337205,47418023,45171048,42199147,44944501,38040772,22292522,12890784,77.87199867637327,2021/07/26,574905,2230,0,1309850,35781080,634433,0,76450285,976,6,0.5714285714285714,213194,1529111,61433860
450,United States of America,341338766,166328382,171752013,41786394,43337205,47418023,45171048,42199147,44944501,38040772,22292522,12890784,77.87199867637327,2021/08/02,769225,2877,0,1699917,36550305,637310,0,78150202,1310,6,0.5714285714285714,214504,2189141,63623001
451,United States of America,341338766,166328382,171752013,41786394,43337205,47418023,45171048,42199147,44944501,38040772,22292522,12890784,77.87199867637327,2021/08/09,928792,3545,0,2040623,37479097,640855,0,80190825,1720,7.714285714285714,0.8571428571428571,216224,1627773,65250774
452,United States of America,341338766,166328382,171752013,41786394,43337205,47418023,45171048,42199147,44944501,38040772,22292522,12890784,77.87199867637327,2021/08/16,1036374,5603,0,2334046,38515471,646458,0,82524871,1650,5.571428571428571,0.8571428571428571,217874,2149409,67400183
453,United States of America,341338766,166328382,171752013,41786394,43337205,47418023,45171048,42199147,44944501,38040772,22292522,12890784,77.87199867637327,2021/08/23,1101185,7301,0,2505600,39616656,653759,0,85030471,1482,6.714285714285714,0.5714285714285714,219356,2319968,69720151
454,United States of America,341338766,166328382,171752013,41786394,43337205,47418023,45171048,42199147,44944501,38040772,22292522,12890784,77.87199867637327,2021/08/30,1153545,8525,0,2484160,40770201,662284,0,87514631,1470,5,0.5714285714285714,220826,2156591,71876742
455,United States of America,341338766,166328382,171752013,41786394,43337205,47418023,45171048,42199147,44944501,38040772,22292522,12890784,77.87199867637327,2021/09/06,1031376,9146,0,2280358,41801577,671430,0,89794989,1336,5.428571428571429,0.42857142857142855,222162,2386294,74263036
456,United States of America,341338766,166328382,171752013,41786394,43337205,47418023,45171048,42199147,44944501,38040772,22292522,12890784,77.87199867637327,2021/09/13,1030679,25873,0,2428968,42832256,697303,0,92223957,1238,5.714285714285714,0.5714285714285714,223400,2467055,76730091
457,United States of America,341338766,166328382,171752013,41786394,43337205,47418023,45171048,42199147,44944501,38040772,22292522,12890784,77.87199867637327,2021/09/20,871518,14392,0,2409592,43703774,711695,0,94633549,1176,4.857142857142857,0.2857142857142857,224576,3708242,80438333
458,United States of America,341338766,166328382,171752013,41786394,43337205,47418023,45171048,42199147,44944501,38040772,22292522,12890784,77.87199867637327,2021/09/27,757248,13229,0,2327232,44461022,724924,0,96960781,992,5,0.42857142857142855,225568,1642461,82080794
459,United States of America,341338766,166328382,171752013,41786394,43337205,47418023,45171048,42199147,44944501,38040772,22292522,12890784,77.87199867637327,2021/10/04,680763,11198,0,2222591,45141785,736122,0,99183372,890,4.428571428571429,0.14285714285714285,226458,1713726,83794520
460,United States of America,341338766,166328382,171752013,41786394,43337205,47418023,45171048,42199147,44944501,38040772,22292522,12890784,77.87199867637327,2021/10/11,586932,10984,0,2205645,45728717,747106,0,101389017,804,4,0.42857142857142855,227262,1728619,85523139
461,United States of America,341338766,166328382,171752013,41786394,43337205,47418023,45171048,42199147,44944501,38040772,22292522,12890784,77.87199867637327,2021/10/18,493002,11721,0,2228970,46221719,758827,0,103617987,698,3,0.5714285714285714,227960,16765955,102289094
462,United States of America,341338766,166328382,171752013,41786394,43337205,47418023,45171048,42199147,44944501,38040772,22292522,12890784,77.87199867637327,2021/10/25,524414,10454,0,2161432,46746133,769281,0,105779419,520,5.285714285714286,0.2857142857142857,228480,1947460,104236554
463,United States of America,341338766,166328382,171752013,41786394,43337205,47418023,45171048,42199147,44944501,38040772,22292522,12890784,77.87199867637327,2021/11/01,517836,7799,0,2356416,47263969,777080,0,108135835,596,4.571428571428571,1.2857142857142858,229076,1284414,105520968
464,United States of America,341338766,166328382,171752013,41786394,43337205,47418023,45171048,42199147,44944501,38040772,22292522,12890784,77.87199867637327,2021/11/08,581822,8355,0,2104656,47845791,785435,0,110240491,610,4.285714285714286,0.7142857142857143,229686,1234517,106755485
465,United States of America,341338766,166328382,171752013,41786394,43337205,47418023,45171048,42199147,44944501,38040772,22292522,12890784,77.87199867637327,2021/11/15,660790,10212,0,2106344,48506581,795647,0,112346835,684,4.285714285714286,0.5714285714285714,230370,1052745,107808230
466,United States of America,341338766,166328382,171752013,41786394,43337205,47418023,45171048,42199147,44944501,38040772,22292522,12890784,77.87199867637327,2021/11/22,518600,5488,0,1215172,49025181,801135,0,113562007,918,3.7142857142857144,0.14285714285714285,231288,43759,107851989
467,United States of America,341338766,166328382,171752013,41786394,43337205,47418023,45171048,42199147,44944501,38040772,22292522,12890784,77.87199867637327,2021/11/29,854085,8996,0,2397627,49879266,810131,0,115959634,1316,5.285714285714286,0.2857142857142857,232604,2729521,110581510
468,United States of America,341338766,166328382,171752013,41786394,43337205,47418023,45171048,42199147,44944501,38040772,22292522,12890784,77.87199867637327,2021/12/06,845051,9213,0,2271898,50724317,819344,0,118231532,2032,5.142857142857143,0.2857142857142857,234636,3021247,113602757
469,United States of America,341338766,166328382,171752013,41786394,43337205,47418023,45171048,42199147,44944501,38040772,22292522,12890784,77.87199867637327,2021/12/13,1030402,9352,0,2260779,51754719,828696,0,120492311,3884,3.4285714285714284,0.14285714285714285,238520,1830990,115433747
470,United States of America,341338766,166328382,171752013,41786394,43337205,47418023,45171048,42199147,44944501,38040772,22292522,12890784,77.87199867637327,2021/12/20,1558586,10215,0,1900175,53313305,838911,0,122392486,8498,5.285714285714286,1.1428571428571428,247018,1059091,116492838
471,United States of America,341338766,166328382,171752013,41786394,43337205,47418023,45171048,42199147,44944501,38040772,22292522,12890784,77.87199867637327,2021/12/27,3257171,9600,0,2704161,56570476,848511,0,125096647,13854,7.428571428571429,0.2857142857142857,260872,1059485,117552323
472,United States of America,341338766,166328382,171752013,41786394,43337205,47418023,45171048,42199147,44944501,38040772,22292522,12890784,77.87199867637327,2022/01/03,5275587,12314,0,4724503,61846063,860825,0,129821150,13246,5.285714285714286,1.1428571428571428,274118,1828603,119380926
473,United States of America,341338766,166328382,171752013,41786394,43337205,47418023,45171048,42199147,44944501,38040772,22292522,12890784,77.87199867637327,2022/01/10,5656738,14139,0,4433544,67502801,874964,0,134254694,9822,7.714285714285714,0.2857142857142857,283940,1204326,120585252
474,United States of America,341338766,166328382,171752013,41786394,43337205,47418023,45171048,42199147,44944501,38040772,22292522,12890784,77.87199867637327,2022/01/17,4749980,15147,0,3826214,72252781,890111,0,138080908,5968,8.142857142857142,1.1428571428571428,289908,4203052,124788304
475,United States of America,341338766,166328382,171752013,41786394,43337205,47418023,45171048,42199147,44944501,38040772,22292522,12890784,77.87199867637327,2022/01/24,3543099,17449,0,3300329,75795880,907560,0,141381237,3552,5.285714285714286,0.7142857142857143,293460,1356888,126145192
476,United States of America,341338766,166328382,171752013,41786394,43337205,47418023,45171048,42199147,44944501,38040772,22292522,12890784,77.87199867637327,2022/01/31,2000128,18040,0,2792166,77796008,925600,0,144173403,2164,6.285714285714286,0.8571428571428571,295624,1107868,127253060
477,United States of America,341338766,166328382,171752013,41786394,43337205,47418023,45171048,42199147,44944501,38040772,22292522,12890784,77.87199867637327,2022/02/07,1265486,17331,0,2448990,79061494,942931,0,146622393,1342,8.428571428571429,0.8571428571428571,296966,1028933,128281993
478,United States of America,341338766,166328382,171752013,41786394,43337205,47418023,45171048,42199147,44944501,38040772,22292522,12890784,77.87199867637327,2022/02/14,732009,14874,0,2172704,79793503,957805,0,148795097,902,7.857142857142857,0.8571428571428571,297868,864761,129146754
479,United States of America,341338766,166328382,171752013,41786394,43337205,47418023,45171048,42199147,44944501,38040772,22292522,12890784,77.87199867637327,2022/02/21,484428,14150,0,1897233,80277931,971955,0,150692330,570,5.857142857142857,1.2857142857142858,298438,696691,129843445
480,United States of America,341338766,166328382,171752013,41786394,43337205,47418023,45171048,42199147,44944501,38040772,22292522,12890784,77.87199867637327,2022/02/28,344638,10323,0,1878098,80622569,982278,0,152570428,528,10.714285714285714,1.2857142857142858,298966,708780,130552225
481,United States of America,341338766,166328382,171752013,41786394,43337205,47418023,45171048,42199147,44944501,38040772,22292522,12890784,77.87199867637327,2022/03/07,253137,9232,0,1773292,80875706,991510,0,154343720,340,8.571428571428571,0.5714285714285714,299306,410118,130962343
482,United States of America,341338766,166328382,171752013,41786394,43337205,47418023,45171048,42199147,44944501,38040772,22292522,12890784,77.87199867637327,2022/03/14,217574,3806,0,1695343,81093280,995316,0,156039063,398,5.285714285714286,0.2857142857142857,299704,504891,131467234
483,United States of America,341338766,166328382,171752013,41786394,43337205,47418023,45171048,42199147,44944501,38040772,22292522,12890784,77.87199867637327,2022/03/21,218736,5843,0,1575785,81312016,1001159,0,157614848,380,5.285714285714286,1.2857142857142858,300084,384435,131851669
484,United States of America,341338766,166328382,171752013,41786394,43337205,47418023,45171048,42199147,44944501,38040772,22292522,12890784,77.87199867637327,2022/03/28,204925,4599,0,1495474,81516941,1005758,0,159110322,470,4.428571428571429,1.2857142857142858,300554,398791,132250460
485,United States of America,341338766,166328382,171752013,41786394,43337205,47418023,45171048,42199147,44944501,38040772,22292522,12890784,77.87199867637327,2022/04/04,243322,3480,0,1441729,81760263,1009238,0,160552051,622,7,1.7142857142857142,301176,532477,132782937
486,United States of America,341338766,166328382,171752013,41786394,43337205,47418023,45171048,42199147,44944501,38040772,22292522,12890784,77.87199867637327,2022/04/11,253299,3744,0,1057322,82013562,1012982,0,161609373,700,6,1.5714285714285714,301876,516142,133299079
487,United States of America,341338766,166328382,171752013,41786394,43337205,47418023,45171048,42199147,44944501,38040772,22292522,12890784,77.87199867637327,2022/04/18,356052,2710,0,1607795,82369614,1015692,0,163217168,848,9.571428571428571,1.7142857142857142,302724,418162,133717241
488,United States of America,341338766,166328382,171752013,41786394,43337205,47418023,45171048,42199147,44944501,38040772,22292522,12890784,77.87199867637327,2022/04/25,394903,2375,0,1738624,82764517,1018067,0,164955792,1036,8.857142857142858,2.5714285714285716,303760,385536,134102777
489,United States of America,341338766,166328382,171752013,41786394,43337205,47418023,45171048,42199147,44944501,38040772,22292522,12890784,77.87199867637327,2022/05/02,536147,4183,0,1784727,83300664,1022250,0,166740519,1168,7.142857142857143,0.7142857142857143,304928,390513,134493290
490,United States of America,341338766,166328382,171752013,41786394,43337205,47418023,45171048,42199147,44944501,38040772,22292522,12890784,77.87199867637327,2022/05/09,565827,2090,0,1863278,83866491,1024340,0,168603797,1456,6,0.42857142857142855,306384,460975,134954265
491,United States of America,341338766,166328382,171752013,41786394,43337205,47418023,45171048,42199147,44944501,38040772,22292522,12890784,77.87199867637327,2022/05/16,152981,375,0,1898767,84019472,1024715,0,170502564,1634,5.857142857142857,0.42857142857142855,308018,280494,135234759
492,United States of America,341338766,166328382,171752013,41786394,43337205,47418023,45171048,42199147,44944501,38040772,22292522,12890784,77.87199867637327,2022/05/23,156257,368,0,1843158,84175729,1025083,0,172345722,1504,5.428571428571429,0.2857142857142857,309522,266648,135501407
493,United States of America,341338766,166328382,171752013,41786394,43337205,47418023,45171048,42199147,44944501,38040772,22292522,12890784,77.87199867637327,2022/05/30,143997,329,0,1708411,84319726,1025412,0,174054133,1368,9.428571428571429,0.42857142857142855,310890,313979,135815386
494,United States of America,341338766,166328382,171752013,41786394,43337205,47418023,45171048,42199147,44944501,38040772,22292522,12890784,77.87199867637327,2022/06/06,162927,358,0,1546177,84482653,1025770,0,175600310,1448,12.571428571428571,0.7142857142857143,312338,226153,136041539
495,United States of America,341338766,166328382,171752013,41786394,43337205,47418023,45171048,42199147,44944501,38040772,22292522,12890784,77.87199867637327,2022/06/13,140334,321,0,1083780,84622987,1026091,0,176684090,1588,9.142857142857142,0.14285714285714285,313926,206650,136248189
496,United States of America,341338766,166328382,171752013,41786394,43337205,47418023,45171048,42199147,44944501,38040772,22292522,12890784,77.87199867637327,2022/06/20,165906,318,0,1034345,84788893,1026409,0,177718435,1796,8.285714285714286,0.8571428571428571,315722,193313,136441502
497,United States of America,341338766,166328382,171752013,41786394,43337205,47418023,45171048,42199147,44944501,38040772,22292522,12890784,77.87199867637327,2022/06/27,176147,417,0,994523,84965040,1026826,0,178712958,1936,6,0.8571428571428571,317658,153352,136594854
498,United States of America,341338766,166328382,171752013,41786394,43337205,47418023,45171048,42199147,44944501,38040772,22292522,12890784,77.87199867637327,2022/07/04,172900,347,0,944467,85137940,1027173,0,179657425,2232,5.714285714285714,1.1428571428571428,319890,177197,136772051
499,United States of America,341338766,166328382,171752013,41786394,43337205,47418023,45171048,42199147,44944501,38040772,22292522,12890784,77.87199867637327,2022/07/11,205013,398,0,1000586,85342953,1027571,0,180658011,2498,7.285714285714286,0.5714285714285714,322388,220126,136992177
500,United States of America,341338766,166328382,171752013,41786394,43337205,47418023,45171048,42199147,44944501,38040772,22292522,12890784,77.87199867637327,2022/07/18,191283,486,0,969239,85534236,1028057,0,181627250,2422,7.571428571428571,2,324810,250729,137242906
501,United States of America,341338766,166328382,171752013,41786394,43337205,47418023,45171048,42199147,44944501,38040772,22292522,12890784,77.87199867637327,2022/07/25,177181,517,0,887682,85711417,1028574,0,182514932,1892,4.857142857142857,1.4285714285714286,326702,286915,137529821
502,United States of America,341338766,166328382,171752013,41786394,43337205,47418023,45171048,42199147,44944501,38040772,22292522,12890784,77.87199867637327,2022/08/01,157249,489,0,819539,85868666,1029063,0,183334471,1810,5.857142857142857,1.2857142857142858,328512,-168261,137361560
503,United States of America,341338766,166328382,171752013,41786394,43337205,47418023,45171048,42199147,44944501,38040772,22292522,12890784,77.87199867637327,2022/08/08,126631,502,0,769408,85995297,1029565,0,184103879,1598,9.428571428571429,0.5714285714285714,330110,324776,137686336
504,United States of America,341338766,166328382,171752013,41786394,43337205,47418023,45171048,42199147,44944501,38040772,22292522,12890784,77.87199867637327,2022/08/15,110333,400,0,203067,86105630,1029965,0,184306946,688,8,0.5,330798,243539,137929875
505,United States of America,341338766,166328382,171752013,41786394,43337205,47418023,45171048,42199147,44944501,38040772,22292522,12890784,77.87199867637327,2022/08/22,,,,,,,,,,,,,0,137929875